flight_number,departure_airport,arrival_airport,departure_date,arrival_date,departure_time,arrival_time,duration,airline,passenger_count
5120,LBH,SYH,6/14/2022,6/29/2022,1:19 AM,3:18 PM,17,American,159
93,DQA,XKA,1/11/2022,5/27/2022,5:00 AM,11:12 AM,23,Delta,282
8634,OIM,HCR,2/2/2022,8/24/2022,6:07 AM,7:00 AM,8,Delta,292
3531,PPF,ELI,8/19/2022,2/13/2022,9:59 AM,10:45 PM,18,Delta,450
4410,ASI,BWB,1/29/2022,5/18/2022,7:00 PM,10:43 PM,11,United,416
7613,EUC,RAJ,1/10/2022,1/14/2022,8:13 PM,1:22 AM,12,United,117
9134,ZBE,IMN,5/18/2022,10/8/2022,8:28 PM,7:48 AM,7,American,128
9057,CRC,ERZ,4/13/2022,8/23/2022,6:53 PM,10:18 PM,10,United,494
5496,DMT,RUT,1/28/2022,6/13/2022,7:34 AM,8:04 PM,22,Delta,380
7308,LXR,ADK,4/9/2022,6/22/2022,1:15 AM,8:55 PM,12,Delta,360
2757,YNB,RGE,5/22/2022,2/14/2022,2:38 PM,12:46 AM,15,United,226
4728,VSG,LGL,1/6/2022,7/10/2022,3:57 AM,11:20 PM,3,American,150
9158,ZAH,URD,8/30/2022,10/14/2022,2:09 AM,11:42 PM,8,Delta,307
3409,URO,KIS,4/24/2022,3/21/2022,3:15 PM,7:03 PM,19,Delta,385
32,SWC,YLB,1/14/2022,11/3/2022,3:58 AM,8:45 AM,19,Delta,107
5481,CQS,SOW,9/16/2022,11/16/2022,1:13 AM,9:59 PM,22,Delta,178
7096,YYU,PAP,1/30/2022,4/3/2022,7:55 PM,4:41 PM,3,Delta,257
8539,SSJ,SZY,7/8/2022,12/20/2022,1:52 PM,12:48 PM,7,Delta,275
7202,BIB,LZR,7/1/2022,1/28/2022,1:53 PM,8:34 PM,22,American,207
4466,APQ,MKC,9/21/2022,11/21/2022,2:23 AM,8:48 AM,9,Delta,47
2346,KTL,RHL,7/4/2022,4/27/2022,11:38 PM,3:05 PM,20,American,267
6571,LJU,EKS,6/25/2022,4/2/2022,2:25 AM,9:35 PM,8,United,188
5587,LBE,SLO,1/12/2022,5/15/2022,8:11 AM,3:27 AM,18,American,344
9685,WIN,OUZ,6/16/2022,2/9/2022,5:04 PM,1:52 AM,13,United,152
9209,CNX,MLS,1/10/2022,3/27/2022,9:41 PM,6:03 AM,6,American,47
2917,EVV,YNT,3/18/2022,5/26/2022,5:57 AM,7:19 AM,15,United,244
729,LOD,SAU,1/27/2022,4/17/2022,6:05 PM,12:26 PM,5,Delta,213
8882,ADL,ASV,4/11/2022,6/17/2022,7:07 AM,7:12 AM,11,American,36
9575,KUH,KSO,9/12/2022,3/4/2022,2:17 AM,1:37 AM,23,Delta,368
8113,ABE,YYZ,10/22/2022,7/30/2022,2:09 PM,8:24 AM,5,Delta,350
3100,INN,FTK,10/16/2022,9/1/2022,6:47 PM,6:57 AM,20,Delta,45
7319,SEO,SVV,8/24/2022,7/2/2022,10:40 AM,10:08 PM,12,Delta,96
6421,KIW,0,3/31/2022,4/22/2022,3:57 PM,11:24 PM,4,American,416
6084,FCN,BZB,6/30/2022,2/25/2022,2:28 AM,4:36 PM,22,United,155
9048,SSG,NLS,11/23/2022,8/17/2022,6:22 AM,9:03 PM,18,American,170
562,GRY,RAK,12/22/2022,4/11/2022,10:16 AM,11:45 AM,21,American,469
1344,CUH,MBM,4/23/2022,4/21/2022,3:43 AM,6:36 AM,8,Delta,172
4873,RSA,MTY,10/4/2022,11/11/2022,12:29 PM,9:23 AM,8,American,227
8817,BOH,YXR,7/27/2022,8/18/2022,4:20 AM,5:52 AM,10,American,150
4032,LRG,LIP,3/21/2022,1/15/2022,4:18 AM,11:36 AM,5,Delta,451
947,TCX,KKL,12/5/2022,1/10/2022,11:02 AM,4:05 PM,24,American,1
235,EBS,WUU,5/19/2022,12/5/2022,5:17 AM,6:37 AM,23,Delta,328
9459,SKQ,PHW,8/10/2022,6/8/2022,11:00 PM,8:33 PM,12,United,52
3614,LUU,HGU,3/26/2022,6/29/2022,9:29 PM,6:54 PM,17,American,39
371,KRV,FCB,7/26/2022,12/6/2022,6:57 PM,4:49 AM,24,American,469
1713,BUY,MWY,2/3/2022,1/11/2022,10:47 PM,3:53 PM,1,Delta,137
8742,IPA,IRJ,4/13/2022,5/30/2022,8:05 PM,12:17 PM,24,American,335
8574,LAR,JBB,6/20/2022,7/14/2022,9:07 PM,7:43 AM,15,United,117
8975,RTI,NVT,12/19/2022,5/23/2022,1:16 AM,3:58 AM,5,United,18
4863,DAM,YHK,6/7/2022,9/2/2022,8:41 PM,2:50 PM,3,Delta,223
5921,ULK,UTO,3/11/2022,1/16/2022,10:03 AM,9:15 AM,11,American,272
8533,TML,SUW,7/6/2022,12/23/2022,2:54 PM,11:17 AM,23,American,66
9601,SEZ,GAJ,7/24/2022,8/15/2022,1:18 PM,2:38 PM,17,American,320
3675,CWJ,BSL,10/17/2022,8/14/2022,9:04 PM,9:38 PM,10,Delta,313
4773,GLX,CCP,9/26/2022,10/29/2022,9:41 PM,11:44 AM,7,Delta,269
3925,DLL,BPI,1/29/2022,2/24/2022,9:58 PM,1:17 AM,22,American,386
2641,BOZ,MSN,4/22/2022,8/23/2022,10:54 PM,6:08 AM,22,United,184
4495,KIX,DSX,6/11/2022,9/25/2022,3:32 AM,11:10 AM,13,United,314
4435,MBK,TOD,6/3/2022,2/22/2022,5:12 PM,10:52 PM,13,Delta,396
3754,CHM,AZA,10/5/2022,8/29/2022,12:44 PM,4:02 PM,4,Delta,406
5559,FUO,KCZ,2/14/2022,11/12/2022,5:03 PM,7:00 AM,16,United,171
4730,PUC,CNN,8/7/2022,11/8/2022,4:42 PM,4:18 PM,12,American,434
9060,NKT,HIJ,12/22/2022,8/9/2022,1:07 PM,3:16 AM,2,American,296
3611,MJJ,MPV,10/22/2022,4/20/2022,10:07 PM,5:54 PM,22,United,354
3930,ENV,ELP,6/20/2022,10/29/2022,2:00 PM,12:12 PM,12,United,125
8990,PBH,GIY,9/8/2022,4/25/2022,6:10 PM,9:06 AM,5,American,500
2004,LCQ,WUH,12/1/2022,5/12/2022,7:20 PM,6:13 PM,7,United,365
1685,HAE,BDH,10/26/2022,7/24/2022,5:18 AM,11:47 PM,2,United,60
3512,LMN,DED,1/9/2022,7/11/2022,3:16 AM,6:47 PM,3,American,299
9330,MUK,BZB,1/10/2022,12/25/2022,12:08 AM,7:11 AM,7,Delta,314
649,MWQ,BBU,7/8/2022,7/23/2022,6:30 AM,4:14 AM,2,Delta,99
7291,XPK,AEG,12/20/2022,12/18/2022,4:48 AM,5:46 PM,1,United,497
8773,RDM,MCC,10/22/2022,9/14/2022,6:04 AM,10:10 PM,7,American,217
1977,GTN,DUR,11/13/2022,8/19/2022,6:16 AM,3:26 PM,4,American,49
8537,WYS,GBI,9/24/2022,1/1/2022,7:06 AM,5:48 PM,17,United,294
2424,BZR,AOT,7/4/2022,5/10/2022,8:33 AM,8:55 AM,8,United,348
2044,YPQ,GDO,9/27/2022,6/18/2022,7:40 AM,8:32 PM,14,American,243
3769,SLG,LEE,9/5/2022,3/18/2022,2:54 AM,7:26 PM,5,United,257
1270,AUW,LYT,9/18/2022,6/21/2022,11:05 PM,10:46 AM,19,Delta,42
1220,AMF,NEF,11/9/2022,4/3/2022,12:22 AM,6:06 PM,11,Delta,156
1627,PYB,KBV,12/1/2022,3/2/2022,6:26 PM,3:37 PM,1,United,169
1332,LTU,TLJ,8/2/2022,1/26/2022,2:59 AM,12:08 PM,20,American,230
5033,ADU,CDR,12/11/2022,3/15/2022,5:49 AM,7:43 PM,24,United,40
6084,LGF,LKC,8/11/2022,6/30/2022,10:50 PM,6:48 PM,5,American,98
648,NIF,YJP,6/9/2022,5/10/2022,12:38 AM,4:26 AM,23,United,301
2260,EVV,EVG,10/30/2022,9/12/2022,2:53 AM,8:00 PM,9,American,271
3523,LCR,BWL,4/16/2022,11/16/2022,10:06 PM,5:00 PM,23,Delta,340
7617,ZTM,SNT,9/3/2022,10/26/2022,7:31 PM,7:18 PM,18,United,249
1295,TFN,KQT,9/13/2022,8/2/2022,8:29 PM,5:50 AM,3,American,290
5925,MPV,AFO,10/13/2022,11/24/2022,7:30 PM,10:35 AM,1,American,422
650,SEZ,BLK,6/28/2022,10/21/2022,12:42 AM,6:04 PM,17,United,97
6915,PPL,LEM,2/4/2022,6/11/2022,2:23 AM,11:54 PM,16,American,21
3351,RNU,HPT,1/11/2022,12/10/2022,5:15 PM,8:43 AM,7,United,102
424,LYH,CWW,7/13/2022,6/9/2022,1:55 PM,3:38 PM,15,Delta,269
7627,EMD,LIN,5/13/2022,1/21/2022,11:47 PM,3:31 AM,11,Delta,6
3552,RVA,JSU,10/16/2022,12/17/2022,10:28 AM,11:53 AM,13,United,54
3384,BZS,EDF,1/28/2022,8/29/2022,6:53 PM,2:47 PM,17,United,34
9432,WGY,HYR,7/13/2022,12/3/2022,11:31 PM,3:42 PM,21,American,274
7421,MTR,MBQ,8/14/2022,1/6/2022,11:43 AM,11:35 PM,9,Delta,174
1732,GWY,ATJ,8/30/2022,8/16/2022,12:04 PM,6:11 AM,14,American,438
3554,MBM,OTR,10/20/2022,2/17/2022,10:08 AM,4:22 PM,12,Delta,310
2517,MEF,OZR,8/19/2022,3/14/2022,9:31 PM,8:52 AM,5,United,414
5379,SEF,PRE,5/2/2022,11/2/2022,4:18 PM,4:06 AM,15,United,52
101,IDN,FEK,7/1/2022,6/19/2022,7:48 AM,12:49 PM,10,Delta,493
385,SKQ,BZC,4/12/2022,11/8/2022,1:20 AM,2:35 PM,18,United,226
4957,HUZ,TAD,6/7/2022,8/12/2022,2:08 AM,3:21 PM,6,United,116
6517,TOC,VLM,4/13/2022,10/8/2022,1:35 AM,3:01 AM,11,United,17
4408,LUB,ABR,3/23/2022,5/22/2022,2:59 PM,8:34 PM,24,United,460
6018,SDH,WLD,7/20/2022,2/2/2022,6:22 AM,9:37 AM,11,American,374
9913,RIH,LRG,11/13/2022,7/11/2022,10:14 PM,9:14 PM,11,United,489
1602,SRT,NMP,7/7/2022,12/26/2022,5:27 PM,6:43 AM,10,United,113
7797,OGS,SGW,2/14/2022,9/20/2022,10:56 AM,2:57 AM,2,American,223
8903,LEQ,YBK,6/6/2022,6/27/2022,4:36 AM,7:09 PM,18,American,29
2291,GEL,KOK,2/13/2022,6/13/2022,3:38 AM,8:16 AM,5,American,86
3929,TFY,LTB,4/25/2022,8/17/2022,1:51 AM,12:56 AM,18,Delta,458
2173,LTU,0,11/20/2022,9/7/2022,8:51 PM,8:12 PM,11,Delta,327
126,KRU,MMI,7/29/2022,6/18/2022,9:58 PM,10:41 AM,12,United,23
3674,AVN,SBS,3/4/2022,12/2/2022,9:57 PM,1:29 AM,17,American,296
7365,CKA,MWD,12/1/2022,12/14/2022,7:59 AM,7:49 AM,16,United,256
8449,LYK,CVL,7/26/2022,9/27/2022,10:19 PM,5:50 PM,10,Delta,331
9651,LOT,LIW,7/16/2022,7/13/2022,7:34 PM,12:17 AM,24,Delta,494
2669,PIH,GLB,3/2/2022,9/5/2022,7:27 AM,1:13 AM,4,Delta,265
9123,TEC,DNV,4/9/2022,2/22/2022,3:51 PM,9:10 PM,5,Delta,327
9358,UBS,WMR,12/11/2022,7/13/2022,12:51 PM,10:42 AM,5,American,308
1317,EXT,PAX,10/19/2022,7/31/2022,2:45 AM,2:29 AM,3,Delta,191
981,WGO,SHH,4/24/2022,6/15/2022,6:21 AM,9:06 PM,14,Delta,402
4992,CVO,YGT,12/7/2022,5/30/2022,3:45 AM,9:58 PM,3,American,395
3021,DCN,TAE,1/24/2022,2/28/2022,10:43 PM,7:46 AM,10,American,177
2961,LNY,TEV,6/1/2022,6/2/2022,12:46 AM,12:27 PM,23,American,443
5597,GSH,DWD,10/2/2022,8/8/2022,4:06 PM,12:09 AM,2,Delta,121
2352,MBS,LRB,3/31/2022,8/7/2022,6:14 AM,7:53 AM,16,United,120
7150,JIW,DYA,4/16/2022,10/3/2022,11:23 AM,6:07 PM,19,Delta,93
7812,JGN,YOH,8/25/2022,9/1/2022,4:36 AM,4:26 AM,24,Delta,140
2554,DIG,AAT,12/12/2022,7/27/2022,8:31 PM,4:53 AM,9,American,36
4620,PTU,IDO,2/28/2022,5/27/2022,9:35 AM,1:20 PM,13,Delta,127
1878,MFZ,PMR,7/6/2022,4/8/2022,2:13 PM,3:27 AM,6,United,400
6582,CBV,SIW,1/5/2022,1/14/2022,2:24 PM,4:11 AM,7,Delta,125
7396,ZHP,GRP,3/23/2022,11/29/2022,6:46 AM,9:27 AM,5,United,274
6660,BDX,TVC,9/10/2022,8/17/2022,9:33 PM,8:24 AM,4,Delta,223
7450,NPP,CNW,4/22/2022,5/21/2022,11:05 PM,9:05 PM,17,American,273
2005,GDL,ECA,7/3/2022,5/17/2022,12:13 AM,7:49 PM,10,United,20
8246,POP,IRE,11/27/2022,11/3/2022,8:32 AM,1:32 AM,20,American,181
4097,PBI,CIY,1/29/2022,1/18/2022,3:28 PM,5:11 PM,5,American,242
7781,CTE,IGS,12/3/2022,3/12/2022,8:05 AM,4:15 AM,21,American,497
9547,AOP,NND,4/29/2022,11/24/2022,9:03 AM,9:11 AM,4,Delta,99
2018,UFA,JCJ,3/8/2022,10/28/2022,9:35 PM,10:34 PM,15,American,140
3105,SNO,AXF,4/5/2022,4/30/2022,12:01 AM,1:09 AM,22,Delta,250
6902,VTU,YMB,4/14/2022,4/25/2022,12:08 PM,10:38 PM,7,United,315
7434,KVX,OLS,10/9/2022,4/11/2022,4:42 AM,10:45 AM,23,American,56
9393,JJD,EXM,1/19/2022,4/7/2022,7:08 AM,6:39 PM,22,American,187
3699,MHE,GXQ,6/30/2022,3/3/2022,9:06 AM,1:22 AM,12,Delta,465
9277,RFA,PWM,8/1/2022,11/19/2022,3:50 PM,8:08 AM,17,American,329
1632,ALR,BIU,11/23/2022,10/28/2022,1:23 AM,10:20 PM,19,United,223
3090,COZ,YHT,5/8/2022,9/21/2022,6:19 PM,7:47 PM,8,American,396
45,IRJ,SEO,3/27/2022,1/5/2022,6:42 AM,12:50 PM,16,Delta,203
5719,IDO,AMZ,7/30/2022,10/23/2022,2:51 AM,12:33 PM,3,Delta,58
531,ILM,NIX,6/13/2022,9/16/2022,1:38 AM,6:10 AM,17,American,10
2667,LGX,SRE,4/3/2022,6/17/2022,5:35 PM,4:06 PM,17,Delta,354
9,WTP,FRH,9/22/2022,7/10/2022,9:16 AM,9:41 AM,14,American,479
49,KAO,LPA,9/1/2022,9/27/2022,10:56 PM,1:51 PM,3,Delta,272
5303,SGK,KFP,2/16/2022,10/14/2022,6:36 AM,8:21 PM,8,American,7
9870,GEF,BMR,12/10/2022,2/20/2022,1:09 PM,5:38 PM,17,Delta,419
6376,GPA,LYX,2/17/2022,1/17/2022,4:13 AM,12:30 PM,7,American,317
531,CDS,DAP,8/14/2022,3/18/2022,3:47 PM,10:30 AM,9,American,202
234,SYW,APW,1/17/2022,9/2/2022,10:11 PM,1:46 AM,18,Delta,374
8513,YHH,BOO,12/29/2022,5/10/2022,3:35 PM,3:23 AM,6,United,196
3968,GWO,JHS,7/17/2022,6/14/2022,4:15 PM,6:25 AM,16,American,400
1531,YUB,SJK,1/3/2022,7/6/2022,8:20 PM,5:20 AM,2,Delta,498
4459,KIC,JAC,1/23/2022,7/19/2022,4:29 PM,7:10 PM,5,United,148
8608,OGB,YNJ,7/17/2022,2/21/2022,12:59 PM,2:19 PM,6,United,406
8224,MZV,BTM,2/18/2022,2/2/2022,2:38 AM,7:24 PM,17,Delta,473
8672,GAW,RMA,1/25/2022,4/16/2022,2:50 AM,7:15 PM,7,United,81
5808,BZI,CAE,6/5/2022,8/7/2022,12:32 PM,12:35 AM,23,American,225
8030,DSX,EGI,6/30/2022,6/2/2022,4:26 PM,10:21 PM,23,American,341
2635,QUG,XZA,9/6/2022,6/5/2022,9:34 PM,9:49 AM,9,American,264
8634,NAW,SIJ,2/25/2022,1/16/2022,1:13 PM,6:11 PM,8,Delta,88
833,DSA,LZA,5/28/2022,11/6/2022,6:17 PM,10:03 AM,17,American,339
795,CIZ,KMH,10/20/2022,6/25/2022,9:11 AM,7:33 AM,5,American,182
684,SDK,RSE,7/14/2022,3/15/2022,5:29 AM,3:13 AM,20,American,207
3399,BHF,AVU,4/28/2022,7/30/2022,9:38 AM,7:25 AM,23,United,125
4891,YJT,YET,6/19/2022,4/17/2022,10:55 PM,8:42 AM,1,United,97
7385,EYS,KEC,9/22/2022,6/1/2022,6:14 PM,11:23 AM,12,United,89
4520,REU,GZI,10/5/2022,1/12/2022,7:38 AM,11:01 AM,12,American,234
1431,RYB,MGE,9/13/2022,3/31/2022,3:04 PM,6:45 PM,8,United,74
8249,IBO,UYN,9/5/2022,10/11/2022,10:45 PM,12:51 PM,22,American,291
8567,PGB,EMS,12/17/2022,3/11/2022,9:41 AM,9:12 PM,1,American,308
8363,GRQ,TRS,9/14/2022,4/4/2022,1:59 PM,11:35 AM,17,American,150
7232,SUG,TYG,5/19/2022,2/10/2022,2:40 AM,9:56 PM,12,United,239
6382,XRY,NNR,3/31/2022,5/21/2022,7:57 AM,4:25 PM,23,United,66
6623,WTP,BCV,8/18/2022,1/8/2022,2:14 PM,4:45 AM,20,United,114
9758,WIN,YTM,5/4/2022,12/24/2022,4:50 PM,7:55 AM,9,American,30
1770,BJP,KBD,5/30/2022,5/27/2022,2:05 AM,4:16 PM,9,American,18
2178,ECP,OKE,1/15/2022,12/9/2022,8:11 AM,6:21 PM,19,United,169
4722,PUY,CEX,6/21/2022,12/4/2022,6:49 AM,4:45 AM,23,Delta,36
6124,RLA,MJM,10/5/2022,9/9/2022,7:11 PM,12:42 PM,3,United,180
4151,BSI,HHR,12/17/2022,1/9/2022,8:24 AM,5:31 AM,1,United,84
3626,PHA,YLI,7/31/2022,11/28/2022,7:20 AM,8:27 PM,3,United,345
6435,RDO,AES,4/24/2022,9/23/2022,4:43 AM,11:15 AM,14,Delta,76
1449,YHH,ZCN,3/31/2022,5/23/2022,1:27 PM,7:11 AM,19,United,332
6717,HZK,GTO,11/15/2022,10/26/2022,8:34 PM,9:32 PM,12,American,311
74,CRC,YTR,11/6/2022,7/14/2022,12:29 AM,5:20 PM,7,American,55
1554,YLW,NOV,5/23/2022,3/7/2022,12:41 PM,1:39 AM,7,Delta,365
8837,YUJ,HDR,10/2/2022,12/23/2022,10:11 AM,10:00 AM,18,United,388
1345,AXN,LPD,7/4/2022,9/3/2022,8:36 AM,7:17 AM,24,Delta,140
146,REE,0,3/3/2022,7/1/2022,9:24 AM,2:40 PM,2,United,415
4916,TOK,ISC,7/11/2022,7/22/2022,8:58 AM,4:27 AM,22,United,324
3239,DCK,CXH,9/20/2022,9/6/2022,7:27 PM,7:26 AM,17,Delta,287
1234,KCT,OGN,11/4/2022,3/26/2022,10:41 PM,1:46 AM,15,American,314
3568,RPV,WUZ,10/4/2022,8/20/2022,1:26 PM,4:41 AM,6,United,175
9050,VER,MPT,7/22/2022,9/16/2022,4:54 AM,12:39 PM,20,Delta,461
8587,YBA,CWA,4/21/2022,5/7/2022,12:54 PM,9:00 PM,5,American,407
2767,UKK,YBJ,7/6/2022,4/13/2022,11:51 PM,2:41 AM,20,United,71
6928,SRE,SFM,4/5/2022,10/11/2022,1:47 AM,8:23 AM,16,American,256
9285,WHD,KIR,12/9/2022,8/7/2022,3:24 AM,1:13 AM,3,United,64
721,JQE,DUA,6/4/2022,8/29/2022,5:46 PM,2:47 AM,7,American,189
8697,LNQ,TLR,7/6/2022,2/1/2022,10:56 PM,8:01 PM,5,Delta,263
4355,FTY,BHD,1/27/2022,7/24/2022,7:53 PM,6:48 PM,11,American,276
5980,MYY,OES,3/25/2022,9/8/2022,1:57 AM,3:21 AM,7,United,381
1923,CYA,SQI,10/6/2022,8/10/2022,7:28 AM,1:43 PM,2,United,322
4427,JAB,OCV,8/3/2022,1/15/2022,10:36 PM,3:46 PM,22,United,29
4786,IIS,SDD,2/1/2022,7/20/2022,12:11 AM,3:06 PM,19,United,92
1495,CSX,BKW,8/24/2022,3/26/2022,11:14 AM,3:28 PM,4,American,379
2308,LNZ,YDV,12/6/2022,3/27/2022,5:58 PM,4:10 AM,8,Delta,197
3208,VAN,TUH,9/25/2022,1/11/2022,6:31 AM,12:27 AM,17,United,135
2341,USA,SOT,6/12/2022,2/1/2022,10:38 AM,7:13 PM,21,Delta,496
8365,CDB,RKP,9/12/2022,2/26/2022,9:40 PM,2:00 PM,9,United,190
8276,OGA,TKU,4/15/2022,1/28/2022,3:30 PM,8:52 AM,3,American,349
7757,AWB,PXO,6/8/2022,1/4/2022,10:51 PM,11:42 AM,18,American,499
6977,SOH,MOV,2/18/2022,1/31/2022,3:40 AM,10:06 AM,18,Delta,85
8257,ISD,AMA,8/29/2022,6/29/2022,10:16 AM,5:26 AM,11,United,188
9440,TEQ,PAP,5/8/2022,5/13/2022,10:19 AM,11:11 AM,22,Delta,477
4488,TR7,KSE,2/9/2022,4/20/2022,5:57 PM,7:49 PM,17,United,147
5853,SHE,SAY,4/23/2022,11/24/2022,3:46 AM,10:01 PM,3,United,40
4688,RNO,RGS,12/26/2022,8/2/2022,6:25 AM,12:05 AM,12,Delta,285
5039,RTW,PAS,12/15/2022,5/29/2022,9:21 AM,12:00 PM,10,Delta,265
914,EJH,FKB,1/10/2022,7/19/2022,1:33 PM,9:21 PM,11,American,283
1406,OAS,PSM,3/21/2022,3/12/2022,10:51 PM,10:22 PM,17,United,470
2949,OGR,YJF,9/28/2022,3/12/2022,9:27 AM,10:16 PM,11,United,264
4700,PBG,JIA,11/15/2022,6/3/2022,6:12 AM,6:30 AM,3,American,230
688,DTM,MGM,7/30/2022,4/12/2022,6:08 PM,5:50 AM,6,United,253
4540,LWY,TLQ,3/4/2022,8/6/2022,2:38 PM,2:18 AM,9,Delta,387
8870,DRS,YOW,6/23/2022,6/7/2022,12:00 PM,9:13 AM,2,Delta,249
3058,WME,OVA,11/28/2022,3/21/2022,6:25 PM,2:07 PM,22,American,409
699,LKO,KZR,7/16/2022,10/21/2022,10:00 PM,10:29 AM,10,American,31
1075,MDZ,KED,9/4/2022,10/26/2022,2:50 AM,7:14 PM,8,American,500
8967,FAQ,HEI,7/3/2022,3/26/2022,4:42 PM,1:16 PM,14,United,318
9168,TLK,REY,7/2/2022,7/4/2022,8:42 AM,5:44 PM,4,American,469
7084,GER,MQX,11/10/2022,10/19/2022,10:57 AM,7:08 AM,15,American,59
9891,VLY,KMH,9/26/2022,6/19/2022,9:18 AM,3:49 PM,2,Delta,211
5838,BWT,PWI,1/26/2022,11/8/2022,11:35 PM,2:20 PM,7,American,342
1050,QJD,SBV,10/1/2022,11/9/2022,7:06 PM,4:07 PM,17,United,267
7731,NTD,LDO,12/10/2022,7/7/2022,2:14 AM,6:07 AM,22,United,475
7347,OKL,SXU,10/3/2022,1/8/2022,2:28 AM,9:53 PM,23,United,172
4655,BIP,ABF,8/20/2022,12/19/2022,2:48 PM,7:13 AM,1,United,23
2915,YCM,MXV,6/22/2022,6/26/2022,10:48 AM,2:59 AM,21,United,220
6093,SEO,AFD,8/23/2022,4/8/2022,1:31 AM,7:40 AM,20,American,405
8040,SKA,LBK,12/11/2022,4/18/2022,11:16 PM,12:28 PM,21,United,486
3724,SWM,UHE,2/13/2022,8/16/2022,8:43 PM,10:44 PM,19,Delta,92
1598,YGK,HOS,7/4/2022,8/5/2022,9:12 AM,3:28 PM,16,United,120
7739,SBW,ZSA,7/4/2022,8/22/2022,6:58 AM,10:28 PM,4,United,326
4153,YVB,YGJ,7/19/2022,7/6/2022,9:52 PM,6:09 AM,4,American,288
7677,HAM,IUL,2/14/2022,2/1/2022,1:26 PM,3:04 AM,16,Delta,136
5006,MSJ,UOX,12/1/2022,2/3/2022,2:08 AM,12:22 AM,7,United,364
9333,BIL,NAR,5/5/2022,5/29/2022,3:06 AM,5:38 AM,24,American,373
4798,WLG,SWQ,9/22/2022,1/28/2022,4:06 AM,1:58 AM,3,American,431
5500,CXF,HOI,7/8/2022,6/14/2022,11:17 PM,5:32 PM,17,American,382
1989,LAS,LAX,5/19/2022,9/9/2022,9:06 AM,3:34 AM,14,American,104
8491,BGA,CEU,1/31/2022,7/20/2022,1:19 AM,3:46 AM,11,American,397
8096,SZT,UTT,10/28/2022,6/30/2022,1:41 PM,8:20 PM,24,Delta,60
5036,TZR,RPN,8/10/2022,12/3/2022,10:05 AM,10:34 PM,2,Delta,6
6447,MJL,PMS,12/12/2022,8/11/2022,9:22 PM,8:05 PM,24,American,222
3961,BTO,TBB,12/23/2022,9/22/2022,2:36 AM,9:00 PM,9,United,220
9207,FUB,MDA,7/5/2022,10/20/2022,5:17 AM,3:26 AM,1,United,489
6456,SRW,HOF,8/24/2022,2/16/2022,5:55 PM,2:40 AM,15,United,394
9793,MVW,SFG,3/11/2022,12/21/2022,11:27 AM,3:34 PM,15,United,150
6580,XSD,CBH,1/9/2022,11/7/2022,11:38 AM,7:07 PM,6,American,342
7676,LVO,DBD,1/2/2022,4/27/2022,7:17 PM,5:28 PM,21,Delta,452
5492,KNP,IVA,2/21/2022,4/18/2022,1:26 AM,7:42 AM,17,Delta,392
4335,LIR,GBG,4/17/2022,10/16/2022,3:21 AM,2:09 PM,24,United,253
7262,CNX,PLU,8/1/2022,3/17/2022,8:27 AM,12:29 AM,2,Delta,160
5023,XFW,YBI,7/18/2022,8/30/2022,12:23 PM,8:40 AM,4,Delta,359
3677,HBR,RPM,3/16/2022,1/3/2022,6:16 AM,6:12 AM,11,American,250
9545,LDI,LNO,5/17/2022,5/28/2022,9:25 AM,5:13 AM,10,American,340
8589,BXA,PUR,2/3/2022,4/25/2022,8:54 PM,7:52 PM,21,Delta,251
1131,TIA,MYD,4/21/2022,9/8/2022,4:37 AM,2:26 PM,10,Delta,255
7764,OZP,0,11/30/2022,6/30/2022,2:47 AM,10:29 AM,3,American,277
9150,0,RCN,11/20/2022,5/15/2022,7:31 AM,7:46 PM,23,Delta,369
3170,YYZ,GOL,9/11/2022,9/6/2022,10:24 AM,5:06 AM,23,American,193
9068,SUJ,VKS,12/2/2022,8/5/2022,2:39 PM,3:00 PM,9,American,28
2857,TYT,FLB,10/8/2022,4/16/2022,4:54 PM,7:28 AM,24,American,31
1012,CKV,AUD,7/12/2022,10/2/2022,12:16 AM,4:13 PM,9,United,337
5916,THG,KCZ,10/27/2022,2/11/2022,11:39 AM,5:00 AM,12,American,71
1926,NIP,AMF,6/8/2022,10/31/2022,2:15 AM,3:48 PM,1,United,310
5021,BMJ,EVV,10/31/2022,7/30/2022,9:07 AM,9:55 AM,1,Delta,318
5278,THM,UFA,9/13/2022,5/25/2022,7:11 AM,2:57 PM,22,United,65
958,SVE,CTE,7/20/2022,11/21/2022,11:28 AM,3:49 AM,10,Delta,46
2410,LBS,SBF,7/7/2022,1/19/2022,11:16 AM,3:13 AM,3,Delta,208
5764,KLU,UNI,8/19/2022,9/24/2022,11:09 AM,2:54 AM,17,American,217
8738,WPA,ZJG,7/31/2022,12/15/2022,6:06 PM,7:16 PM,9,Delta,309
8190,DHA,0,1/9/2022,9/7/2022,11:27 AM,9:49 AM,5,Delta,288
9741,SAH,MHG,7/10/2022,7/31/2022,5:05 PM,7:17 AM,21,American,498
2630,TLM,KKT,10/15/2022,7/8/2022,10:04 AM,11:24 AM,10,Delta,399
6730,YFR,ALI,7/30/2022,5/14/2022,11:22 AM,4:52 PM,17,American,187
6934,KTY,HDS,2/28/2022,8/17/2022,2:45 AM,7:49 PM,15,United,325
7208,AVW,SCZ,2/15/2022,1/20/2022,12:46 AM,10:04 AM,4,Delta,34
4672,0,MBG,7/30/2022,9/18/2022,10:51 PM,2:44 PM,10,United,304
3222,WLW,OCM,12/30/2022,8/24/2022,8:47 PM,9:01 AM,6,United,125
7426,ACT,PHA,9/4/2022,8/31/2022,2:43 PM,8:21 AM,2,American,246
7345,ERD,GBU,11/26/2022,9/15/2022,3:33 PM,7:24 AM,21,American,135
1652,DOE,VRE,12/29/2022,4/21/2022,9:22 AM,2:01 PM,13,United,250
1810,SPF,JUM,4/24/2022,6/11/2022,5:49 PM,2:25 PM,8,United,297
7124,PEY,MEF,7/14/2022,8/26/2022,2:20 AM,10:59 AM,20,American,400
6668,KAY,OUD,10/12/2022,3/27/2022,5:44 AM,11:51 AM,7,American,129
658,GMP,YGN,5/12/2022,3/11/2022,4:32 AM,12:42 AM,4,United,467
8754,YPQ,MTA,5/31/2022,8/27/2022,10:16 PM,6:04 AM,7,Delta,166
2646,CUM,KUT,3/23/2022,2/28/2022,4:03 PM,7:51 AM,10,American,260
5657,NHD,JRH,9/8/2022,4/19/2022,9:57 AM,7:50 PM,22,Delta,249
181,KWY,KBY,3/18/2022,3/8/2022,6:31 AM,8:49 AM,19,Delta,164
4633,DAD,KBQ,11/21/2022,5/5/2022,1:21 AM,6:09 PM,5,Delta,88
7987,QLA,KBZ,7/9/2022,7/16/2022,5:44 PM,11:39 PM,24,United,137
7687,HMO,SAF,8/21/2022,1/15/2022,1:11 PM,7:16 PM,15,Delta,327
999,EGM,BXN,9/21/2022,3/15/2022,8:15 AM,12:16 PM,8,American,244
8365,ORF,MXC,10/21/2022,1/26/2022,7:00 PM,1:14 AM,8,Delta,462
3285,MUC,LZR,8/16/2022,10/29/2022,8:42 PM,6:12 PM,21,United,101
6496,AUL,BNK,7/29/2022,3/31/2022,11:12 AM,10:38 AM,11,United,284
8550,TLR,SIM,7/6/2022,4/9/2022,7:12 PM,3:37 PM,23,United,226
3207,ZIZ,BRE,10/5/2022,2/20/2022,3:14 AM,10:05 PM,9,American,310
8157,JTR,REC,2/3/2022,2/2/2022,2:02 AM,6:24 AM,13,American,447
8282,0,HMG,5/4/2022,6/18/2022,6:21 AM,5:37 AM,13,American,79
9781,CAU,0,12/19/2022,8/19/2022,12:04 AM,1:31 AM,16,United,433
895,NYE,KWY,8/25/2022,10/9/2022,9:33 AM,10:23 AM,8,American,225
7999,HSB,YOJ,11/14/2022,5/18/2022,10:03 AM,6:53 AM,22,American,116
5262,HCC,SKN,8/4/2022,1/25/2022,9:04 AM,1:40 AM,24,Delta,204
6545,TDO,XES,9/15/2022,7/4/2022,2:10 AM,12:13 PM,4,United,463
9929,RVD,PHD,7/24/2022,9/18/2022,5:39 AM,7:47 AM,4,United,338
8383,OMK,FTU,8/24/2022,3/30/2022,1:50 PM,9:25 PM,20,Delta,121
7791,ADM,CSA,10/20/2022,6/5/2022,2:32 PM,10:10 AM,18,United,211
821,WYB,VBS,5/12/2022,4/8/2022,4:55 PM,1:16 PM,3,American,15
9484,SFT,AZO,10/15/2022,8/23/2022,3:10 AM,9:18 PM,23,United,369
7020,CUE,SMO,9/12/2022,2/11/2022,5:42 AM,10:05 AM,17,United,431
7883,LCF,CNO,3/30/2022,8/5/2022,12:18 AM,6:58 PM,23,United,89
211,BVW,FBG,7/28/2022,5/8/2022,4:52 PM,11:17 AM,6,American,135
4795,MXT,SYD,3/14/2022,11/5/2022,9:41 PM,9:15 AM,3,American,330
1549,PWO,CVU,2/16/2022,11/30/2022,5:04 PM,3:21 PM,1,United,28
7797,SMY,AEG,6/24/2022,12/11/2022,10:58 PM,4:26 AM,15,United,478
9805,JEG,KEG,8/19/2022,8/19/2022,8:45 AM,6:03 AM,4,United,427
4483,DHM,TEZ,1/2/2022,6/20/2022,5:34 PM,1:20 AM,22,American,447
537,SFM,TNI,1/13/2022,9/4/2022,10:27 PM,4:56 AM,6,United,72
1680,SKG,DAN,4/10/2022,11/29/2022,9:14 PM,10:38 AM,7,American,190
8314,VLU,HOF,11/6/2022,9/5/2022,7:09 AM,7:14 PM,9,United,323
5803,WAY,CVT,11/11/2022,8/4/2022,8:53 PM,7:19 PM,5,Delta,87
4007,PUC,KRR,3/8/2022,8/21/2022,12:34 PM,5:28 AM,9,Delta,135
1199,FIE,MUG,11/9/2022,1/5/2022,3:06 AM,6:27 AM,2,Delta,328
8244,WYB,GVR,8/1/2022,6/14/2022,7:30 PM,2:10 AM,19,United,118
7728,AYI,ICT,11/24/2022,11/23/2022,6:31 PM,2:51 AM,19,Delta,119
2152,JER,ZQZ,6/17/2022,10/5/2022,6:25 PM,3:01 AM,18,Delta,441
941,JAQ,YSD,5/18/2022,1/8/2022,9:49 PM,5:21 AM,13,United,276
3209,RDZ,RRS,4/18/2022,1/19/2022,6:01 AM,1:59 PM,15,Delta,142
5337,0,WGU,3/3/2022,7/13/2022,7:25 AM,9:23 PM,18,United,293
4067,SLJ,YQM,9/18/2022,3/21/2022,5:18 PM,1:45 AM,9,American,108
2556,PKV,FYN,10/25/2022,6/16/2022,2:34 PM,3:46 PM,20,United,61
6305,RDU,SRL,9/12/2022,1/6/2022,6:05 AM,5:59 PM,7,American,406
6476,OAZ,MOJ,5/21/2022,7/28/2022,1:09 AM,4:15 AM,6,Delta,292
7614,CES,BML,7/20/2022,10/10/2022,5:14 PM,4:20 PM,24,Delta,349
3489,PCB,KUF,9/18/2022,4/2/2022,2:10 AM,12:01 AM,5,Delta,185
6460,JKG,UCT,5/26/2022,6/28/2022,10:46 AM,4:11 AM,18,American,489
1254,SIU,SZS,12/19/2022,10/21/2022,3:37 PM,10:01 AM,9,American,211
647,KOJ,RIV,5/31/2022,6/6/2022,6:31 PM,9:51 PM,9,American,15
5265,YCR,DMB,6/19/2022,6/22/2022,1:42 AM,6:17 AM,8,Delta,108
539,OES,MOQ,9/22/2022,3/31/2022,5:45 AM,10:56 AM,3,Delta,419
697,GTF,HWO,3/15/2022,3/1/2022,11:17 PM,10:01 PM,9,American,10
2003,XXN,YFL,11/5/2022,12/17/2022,9:50 AM,1:07 PM,17,United,127
7756,ACK,PVR,10/4/2022,1/17/2022,12:39 AM,7:48 AM,2,United,155
4275,BTY,ORT,6/27/2022,7/6/2022,4:05 PM,7:07 PM,24,American,124
3117,KTA,WAI,9/27/2022,3/23/2022,8:38 AM,7:06 PM,13,United,296
8919,SXK,OYO,3/13/2022,2/21/2022,6:37 AM,11:38 AM,22,American,401
2258,VRE,BLN,9/24/2022,2/13/2022,4:03 AM,3:32 AM,16,Delta,396
4481,ZJG,QJI,10/13/2022,3/19/2022,2:45 AM,2:54 AM,24,Delta,213
2992,MZL,WML,4/5/2022,10/25/2022,11:40 AM,10:55 PM,22,American,455
301,UUD,LOT,6/5/2022,6/6/2022,2:50 AM,7:29 AM,12,American,19
3303,TJH,TNT,9/8/2022,12/22/2022,10:48 PM,6:31 AM,16,American,48
1408,CTO,SSE,10/11/2022,10/25/2022,9:12 AM,5:52 AM,23,American,464
4311,PVW,REQ,9/13/2022,3/12/2022,7:46 PM,3:06 PM,11,Delta,122
4105,JNJ,LRT,7/18/2022,10/18/2022,9:46 AM,2:31 PM,1,Delta,224
9946,TPX,GBA,7/11/2022,10/25/2022,3:54 AM,4:33 AM,22,United,392
6956,PMH,EGE,10/10/2022,10/5/2022,7:12 PM,6:32 AM,21,American,232
3783,SYZ,ZAZ,11/27/2022,11/20/2022,7:03 PM,11:11 AM,18,American,338
2203,BBO,TUR,4/29/2022,2/24/2022,7:45 AM,12:46 PM,1,United,65
4623,ULN,DRH,5/13/2022,2/2/2022,2:27 PM,8:02 PM,9,American,45
7702,BVF,JKV,11/6/2022,4/16/2022,6:09 AM,1:42 AM,16,American,354
8008,URN,MQN,3/11/2022,11/15/2022,4:05 PM,8:47 AM,13,United,227
8262,CIO,MVD,2/3/2022,2/26/2022,12:04 PM,3:29 PM,10,United,134
2736,EKB,BCO,6/22/2022,2/9/2022,9:15 PM,2:38 PM,22,American,388
120,KMU,LTC,3/7/2022,2/7/2022,6:35 PM,10:55 PM,20,United,233
8850,NLU,OLO,3/21/2022,2/28/2022,1:15 AM,4:07 AM,20,American,156
1221,0,JRS,1/23/2022,3/4/2022,3:00 PM,6:12 PM,8,Delta,160
789,BGW,MXM,8/25/2022,4/2/2022,5:24 AM,6:14 AM,9,American,413
551,AUR,FXE,5/24/2022,4/1/2022,11:35 AM,10:24 PM,23,American,392
4346,IMA,JZH,2/13/2022,5/8/2022,1:29 PM,10:20 PM,22,United,367
4744,KLZ,ECN,1/17/2022,2/22/2022,4:47 PM,11:41 PM,16,United,360
4282,MPB,KOV,1/3/2022,1/21/2022,9:06 PM,4:42 PM,10,Delta,217
9680,MGY,MTM,5/23/2022,9/5/2022,1:14 AM,1:42 PM,6,American,156
2147,CLG,EUQ,12/8/2022,6/22/2022,11:09 AM,11:24 PM,6,Delta,185
2093,ILL,YXD,2/27/2022,6/21/2022,6:57 PM,12:37 PM,14,United,308
3869,SCE,KVG,9/9/2022,11/18/2022,9:11 PM,8:58 AM,3,American,374
2412,NWT,BBY,8/12/2022,6/25/2022,6:15 PM,12:54 AM,6,United,291
4286,CNE,FKQ,2/15/2022,5/4/2022,10:45 AM,12:53 AM,23,Delta,282
4570,KWB,MTW,12/23/2022,4/21/2022,10:31 PM,9:45 PM,23,Delta,300
2777,ZIC,ACZ,5/2/2022,6/21/2022,6:09 PM,8:46 AM,5,American,458
2631,LLV,BIV,11/19/2022,7/7/2022,2:34 PM,3:53 AM,5,American,307
1122,YXE,CXL,10/3/2022,3/27/2022,9:06 AM,12:12 PM,20,United,301
5802,BJL,MJN,12/5/2022,2/5/2022,7:24 AM,9:09 PM,6,American,275
1090,BUP,DBT,8/23/2022,5/7/2022,3:53 AM,8:46 AM,3,United,210
8185,GST,SHL,4/7/2022,12/7/2022,12:02 PM,9:11 PM,1,Delta,493
3231,MNB,KWA,2/8/2022,7/1/2022,8:21 AM,4:24 AM,8,Delta,366
1166,PTM,EKD,4/16/2022,12/10/2022,4:34 AM,5:58 PM,9,Delta,194
1623,BVZ,DSN,8/9/2022,4/12/2022,1:50 PM,2:28 AM,24,American,450
4562,ERV,VAO,10/12/2022,3/2/2022,3:27 PM,8:37 PM,13,United,268
4857,OKL,NMN,8/8/2022,4/26/2022,8:04 PM,1:57 AM,15,Delta,468
1498,DIG,MJO,9/13/2022,7/9/2022,5:16 PM,2:11 PM,22,American,191
3719,TZX,EJN,11/14/2022,10/25/2022,10:10 AM,2:29 PM,16,Delta,349
7247,VOK,GAG,1/29/2022,4/7/2022,7:38 AM,2:40 PM,11,American,19
1787,TPE,XMH,7/3/2022,7/8/2022,10:57 PM,8:54 AM,24,Delta,74
1540,JSJ,DOB,9/8/2022,11/28/2022,10:57 PM,6:22 PM,7,American,361
7097,CMY,AAC,11/4/2022,9/4/2022,9:03 AM,10:35 AM,9,American,240
9191,SYX,LAK,2/28/2022,9/27/2022,10:49 PM,9:20 AM,12,United,233
8717,PQI,RNC,5/16/2022,8/21/2022,1:11 AM,8:31 AM,4,American,407
1690,MKC,CEK,5/20/2022,2/15/2022,11:30 AM,2:09 AM,9,United,280
8374,BMM,FVM,10/11/2022,7/30/2022,11:51 AM,10:07 AM,1,Delta,206
8382,SQA,YMB,7/5/2022,10/10/2022,7:26 PM,10:42 PM,12,United,491
7642,RIC,AUN,2/10/2022,4/8/2022,7:14 AM,10:49 AM,20,American,76
5892,APK,PPZ,6/1/2022,4/16/2022,12:03 PM,3:45 PM,13,United,312
2830,YMK,JIR,4/18/2022,5/1/2022,4:28 PM,11:28 PM,3,Delta,486
4588,AUO,MXI,9/15/2022,12/22/2022,2:06 AM,12:54 PM,20,United,321
1405,SBK,EAB,7/2/2022,8/13/2022,7:00 PM,5:36 PM,19,Delta,174
916,TNR,CJS,10/2/2022,10/28/2022,9:46 AM,8:07 PM,16,Delta,38
4451,RUA,KIK,12/27/2022,2/2/2022,6:38 AM,4:20 AM,17,United,154
8725,SHD,PAB,5/13/2022,10/1/2022,6:31 AM,5:31 PM,23,United,237
2567,YMW,KIL,1/5/2022,8/23/2022,8:55 PM,1:09 AM,16,American,18
1992,TCB,BTA,5/27/2022,10/17/2022,4:55 AM,2:04 AM,4,Delta,280
6631,CKV,BAY,3/30/2022,4/14/2022,8:21 PM,2:35 PM,22,Delta,153
7722,UKU,PAH,8/21/2022,6/29/2022,1:40 AM,7:08 AM,15,Delta,344
7663,CWP,EIK,9/29/2022,8/15/2022,2:17 PM,7:43 PM,5,United,196
4752,AIK,CDP,6/11/2022,6/3/2022,1:27 AM,10:15 PM,18,United,194
1615,SUG,BOK,12/8/2022,3/8/2022,4:27 AM,1:24 AM,16,United,279
7631,BWP,ALW,4/7/2022,3/19/2022,9:54 PM,2:32 PM,6,Delta,361
2740,BTG,YUD,5/10/2022,12/6/2022,4:15 AM,3:48 AM,23,American,341
7391,AHZ,TQQ,10/4/2022,12/27/2022,4:28 PM,1:18 AM,14,United,166
9796,AZL,HMO,3/10/2022,5/26/2022,8:10 AM,3:57 AM,4,American,278
4485,JNS,PCU,11/21/2022,5/18/2022,2:22 PM,3:19 PM,16,United,38
4264,MXR,KCZ,12/19/2022,3/28/2022,5:50 PM,10:00 AM,24,Delta,61
3606,KRJ,LQK,3/10/2022,11/2/2022,8:42 PM,4:04 PM,14,Delta,391
748,SBO,OCN,5/21/2022,6/10/2022,9:54 AM,5:31 PM,7,Delta,27
170,FDE,BZU,3/29/2022,11/16/2022,9:18 PM,8:31 PM,8,United,462
2059,SQB,MUY,2/4/2022,7/9/2022,9:02 PM,5:28 AM,24,United,205
5575,RIA,POO,4/17/2022,11/24/2022,3:43 AM,1:01 PM,12,American,306
4376,ZGL,PIX,1/4/2022,11/2/2022,12:56 AM,7:16 PM,11,American,183
7791,BMS,NGF,5/24/2022,11/9/2022,12:42 AM,12:11 PM,7,Delta,307
7342,CWW,LVB,10/20/2022,2/9/2022,7:17 PM,4:43 PM,6,American,261
3693,SPE,LVA,6/23/2022,4/14/2022,12:10 PM,6:44 AM,8,Delta,444
7004,OMS,TNN,9/25/2022,3/24/2022,6:44 PM,4:08 AM,18,American,129
8970,CYT,LFB,5/17/2022,10/10/2022,12:36 AM,6:09 AM,6,Delta,320
5688,SGP,KIP,6/20/2022,10/14/2022,8:37 PM,3:26 PM,2,United,126
5494,ASN,SFE,11/12/2022,7/13/2022,5:53 PM,7:53 AM,9,United,435
6755,QYD,ONL,6/28/2022,10/2/2022,10:35 AM,2:48 AM,22,American,492
7474,LTR,YQU,8/2/2022,10/23/2022,8:25 AM,2:35 AM,15,United,154
922,BDJ,NSK,4/26/2022,4/23/2022,12:47 PM,2:09 AM,2,Delta,75
5292,JJM,AQS,6/5/2022,12/26/2022,2:45 PM,12:56 AM,24,American,189
4391,NAP,EUF,11/3/2022,7/23/2022,11:30 PM,10:01 PM,22,American,478
7599,SSG,ORT,5/30/2022,12/8/2022,5:01 AM,2:41 PM,21,United,155
1063,KGY,CPI,12/18/2022,11/17/2022,1:14 AM,9:35 AM,23,Delta,286
8595,REO,YPG,12/23/2022,9/6/2022,4:28 PM,7:18 PM,3,American,86
1481,AXS,BQE,9/13/2022,12/20/2022,6:43 PM,2:17 AM,9,American,165
8071,FUE,SMZ,2/2/2022,5/23/2022,5:39 PM,9:44 PM,9,Delta,416
3909,AHS,HOB,5/15/2022,1/30/2022,10:05 AM,8:27 AM,12,United,109
9853,GIG,REA,7/2/2022,6/13/2022,10:57 PM,12:19 PM,17,Delta,52
3216,VIY,SNS,1/27/2022,1/14/2022,4:32 PM,2:15 PM,15,United,240
5092,LUW,SCZ,9/17/2022,3/16/2022,9:55 AM,3:11 PM,13,United,343
8008,PBP,ERH,12/2/2022,12/14/2022,11:35 PM,6:26 PM,24,United,477
74,HIM,DMU,9/6/2022,2/17/2022,3:22 PM,5:52 PM,7,American,424
4351,LID,GAR,9/21/2022,7/21/2022,4:18 PM,7:56 AM,3,Delta,165
2419,DSV,YGG,4/5/2022,1/25/2022,12:17 AM,1:33 PM,22,United,55
1268,PTJ,DIK,9/28/2022,10/6/2022,9:45 PM,4:14 PM,10,United,223
6691,HSK,UAX,2/17/2022,9/9/2022,9:18 AM,12:10 PM,18,Delta,137
6897,XJM,ALQ,4/4/2022,11/24/2022,2:30 PM,6:59 PM,19,American,152
1356,KBH,KMZ,9/26/2022,5/19/2022,6:28 PM,10:57 AM,23,United,184
2430,BGL,DAY,9/13/2022,10/17/2022,1:10 AM,6:52 AM,7,American,88
9963,VRE,CNY,12/23/2022,2/11/2022,5:50 AM,1:55 AM,15,Delta,431
7296,SMU,DBS,7/25/2022,9/10/2022,9:46 PM,7:52 AM,11,Delta,296
1037,OPW,PTT,1/25/2022,7/3/2022,3:33 AM,7:08 AM,22,Delta,236
210,HAB,HYA,1/10/2022,4/24/2022,11:16 PM,5:16 PM,10,Delta,322
6898,KME,BXZ,1/11/2022,7/13/2022,8:38 PM,12:42 AM,12,Delta,342
2577,ANG,IXA,6/27/2022,9/28/2022,12:43 PM,1:27 PM,10,Delta,271
8957,LKZ,MVO,12/27/2022,2/11/2022,3:32 PM,11:54 PM,21,Delta,102
6094,JBK,FON,7/11/2022,4/11/2022,2:54 PM,6:03 PM,21,American,125
5308,APW,WHU,3/19/2022,7/23/2022,1:32 AM,3:24 PM,18,American,499
273,ZOS,LGH,12/20/2022,10/1/2022,10:00 AM,9:36 AM,1,American,133
3395,LZM,NSY,12/13/2022,5/4/2022,11:05 PM,12:20 AM,2,United,236
7559,KPB,BTD,8/14/2022,8/19/2022,10:36 AM,5:14 AM,11,United,322
3569,YRT,BBW,10/13/2022,8/12/2022,12:58 PM,10:48 AM,2,Delta,401
1800,BFM,MYR,4/17/2022,4/15/2022,8:12 AM,4:17 PM,1,Delta,200
5978,JHW,ROB,11/6/2022,5/23/2022,12:51 PM,8:40 AM,3,American,162
2562,BIQ,KOU,8/15/2022,10/4/2022,10:38 PM,3:06 PM,2,American,415
6009,ABR,HGL,7/9/2022,1/11/2022,2:12 AM,3:36 AM,1,Delta,240
1280,HCQ,OUL,11/13/2022,10/29/2022,1:38 AM,5:25 PM,9,Delta,371
6787,YCM,DMU,4/23/2022,4/29/2022,1:43 AM,3:46 AM,23,United,54
1073,MFH,LOT,1/23/2022,2/14/2022,5:03 PM,5:50 AM,24,United,315
946,CLX,CGV,6/20/2022,7/23/2022,4:05 PM,6:50 AM,23,American,34
1350,PKU,PEF,6/30/2022,3/12/2022,4:53 AM,3:51 PM,15,Delta,26
7945,JGA,PJB,3/26/2022,4/4/2022,9:48 PM,3:46 PM,17,United,292
1614,KOH,TAS,11/1/2022,12/27/2022,5:34 PM,3:29 PM,15,Delta,485
7933,GAJ,GDE,5/26/2022,11/10/2022,9:37 AM,11:46 AM,6,American,62
7269,STE,MET,4/12/2022,8/26/2022,6:40 AM,1:11 AM,23,United,373
3478,CDQ,PBL,11/24/2022,2/21/2022,8:41 AM,12:48 PM,22,American,120
2886,NCE,OZZ,8/30/2022,2/18/2022,1:02 AM,12:18 PM,8,United,451
4900,MYE,RFR,8/24/2022,4/9/2022,3:19 PM,2:46 AM,4,Delta,37
5867,FEA,RTC,9/10/2022,8/12/2022,11:46 PM,5:37 AM,19,American,38
1581,BNZ,ZUD,7/11/2022,5/6/2022,1:06 PM,7:37 AM,4,American,260
2673,IWJ,TOI,11/18/2022,11/13/2022,2:50 PM,4:05 PM,10,Delta,283
9255,YKJ,LWK,12/5/2022,1/9/2022,12:35 PM,11:30 PM,15,Delta,35
2573,LYC,TNH,2/23/2022,8/13/2022,4:16 AM,8:56 PM,4,Delta,73
4670,UUK,EIN,5/19/2022,11/12/2022,7:25 AM,12:13 AM,16,American,221
4661,LUX,THL,3/2/2022,2/4/2022,4:44 PM,7:18 AM,12,United,39
1846,DAB,BEZ,1/11/2022,8/5/2022,1:45 AM,3:38 AM,14,American,34
9921,CAQ,BHP,11/23/2022,10/24/2022,11:05 AM,3:11 AM,14,American,18
9516,TVY,LBU,9/17/2022,6/22/2022,4:43 AM,10:49 AM,21,Delta,466
6911,0,MAO,8/17/2022,5/27/2022,1:11 AM,1:57 PM,9,American,76
4202,GMD,YQT,4/13/2022,2/12/2022,7:52 AM,4:07 PM,20,United,6
1918,CKT,ROW,5/26/2022,10/22/2022,1:36 PM,5:47 PM,12,Delta,288
7421,LUQ,OCF,6/15/2022,8/5/2022,5:53 PM,5:00 PM,22,United,468
7924,YOY,VAM,7/3/2022,8/27/2022,9:59 PM,12:06 PM,13,Delta,489
912,JNB,VSK,3/19/2022,2/6/2022,7:28 AM,11:14 AM,5,United,274
9192,SVO,HCA,3/14/2022,10/23/2022,3:00 AM,1:44 PM,9,Delta,237
5447,XLU,CEJ,3/26/2022,6/19/2022,7:58 AM,5:56 PM,6,American,15
1237,GDX,UTI,7/21/2022,5/4/2022,2:08 PM,9:56 AM,6,United,467
9331,GPL,KBZ,2/4/2022,9/26/2022,8:13 PM,4:31 PM,23,American,132
1142,BAC,ABR,9/18/2022,11/1/2022,3:44 AM,11:33 AM,7,American,300
8409,TNS,PCM,3/15/2022,7/21/2022,1:23 PM,11:14 AM,4,American,229
4525,MCG,TRN,11/26/2022,8/6/2022,8:56 AM,2:30 PM,21,United,315
1512,MTB,TII,8/2/2022,3/31/2022,3:32 PM,3:16 AM,2,American,102
977,LMY,GLM,5/24/2022,7/11/2022,6:18 AM,3:10 PM,1,American,89
8192,GFK,GLC,12/8/2022,7/31/2022,6:54 PM,10:37 PM,23,United,306
6913,TLC,BIZ,4/25/2022,11/7/2022,8:53 PM,10:54 AM,1,United,8
1102,RMT,PLY,12/13/2022,2/4/2022,11:05 PM,9:05 AM,19,American,422
7435,CQP,CSQ,1/25/2022,8/7/2022,1:22 AM,1:26 AM,15,United,285
7333,IDB,POV,9/27/2022,7/14/2022,2:30 AM,11:25 AM,5,United,5
7912,AHF,GCI,1/15/2022,5/7/2022,12:39 AM,3:15 AM,12,American,90
609,PGB,ASP,6/22/2022,1/19/2022,3:47 AM,8:11 AM,16,American,62
1997,YLK,SGU,4/4/2022,2/21/2022,5:37 AM,9:55 PM,4,American,180
1953,GLP,FLU,11/5/2022,8/6/2022,10:33 AM,4:02 AM,24,Delta,3
2646,YOA,AVB,4/22/2022,7/24/2022,8:26 PM,1:18 AM,7,Delta,389
3076,NVP,ZAO,10/12/2022,4/15/2022,5:17 PM,10:01 PM,12,American,186
9250,BIH,CLH,2/14/2022,4/3/2022,5:09 PM,5:08 PM,20,American,266
4793,TYF,ODL,8/17/2022,3/30/2022,5:47 AM,6:03 AM,23,Delta,382
8864,SNK,YEU,9/26/2022,11/25/2022,10:50 PM,5:15 PM,8,United,129
1734,ELV,UKI,12/19/2022,6/23/2022,1:19 AM,7:27 PM,6,Delta,59
9113,PXH,KEV,2/21/2022,6/13/2022,5:11 AM,5:44 AM,3,American,289
3569,YTR,MTR,3/17/2022,8/5/2022,7:07 AM,12:57 PM,23,Delta,149
9976,TNX,ATA,11/4/2022,10/8/2022,9:22 AM,10:33 AM,16,Delta,4
1837,ZST,WGT,1/1/2022,8/2/2022,9:03 AM,5:26 PM,21,Delta,274
8039,MWP,RVR,3/27/2022,4/18/2022,3:14 AM,3:31 AM,23,United,285
3385,AMF,UPB,10/5/2022,6/13/2022,4:08 AM,8:11 PM,19,Delta,181
264,SXS,PVZ,8/17/2022,8/11/2022,10:02 AM,2:59 AM,17,Delta,147
7653,TTX,JUA,6/12/2022,7/24/2022,10:34 PM,6:20 PM,13,American,496
6062,SBJ,CXL,6/5/2022,11/7/2022,11:48 AM,7:39 AM,13,United,31
6999,ALR,SCT,8/17/2022,6/16/2022,3:08 AM,5:31 PM,14,United,325
1279,VEL,CUK,2/3/2022,8/2/2022,3:01 PM,12:26 PM,2,United,356
5547,YZA,YNE,2/7/2022,4/11/2022,9:26 AM,9:02 PM,6,Delta,176
6626,JTI,OGS,6/19/2022,4/2/2022,10:35 PM,1:52 PM,17,Delta,447
8818,HYS,NHS,2/2/2022,7/19/2022,5:32 PM,4:57 PM,16,Delta,358
4200,LKV,TLE,11/18/2022,10/18/2022,7:24 PM,1:24 AM,16,Delta,151
8321,DUG,CQD,1/30/2022,5/29/2022,1:33 AM,3:03 PM,9,United,205
419,PVF,LUV,10/7/2022,3/28/2022,2:00 PM,2:08 AM,18,Delta,210
1272,RMG,NHD,11/30/2022,9/20/2022,5:11 PM,8:30 PM,14,United,149
6386,ZHM,VVZ,5/7/2022,5/3/2022,6:06 PM,8:51 PM,12,United,461
6159,CVL,ASE,12/3/2022,10/19/2022,12:31 AM,8:29 PM,15,Delta,129
6078,YDW,BJQ,3/25/2022,5/15/2022,12:53 AM,8:37 PM,4,Delta,438
1878,CLO,BQQ,11/25/2022,11/8/2022,3:05 AM,10:29 AM,10,American,130
1245,UTG,CEU,2/5/2022,6/10/2022,8:21 PM,9:07 PM,10,Delta,377
4834,HIO,GKL,12/15/2022,2/21/2022,7:26 AM,1:52 AM,1,Delta,485
9311,KEF,KBL,2/15/2022,7/2/2022,9:42 AM,1:55 AM,15,United,103
1792,AVP,UVF,2/10/2022,2/8/2022,4:16 PM,5:06 PM,15,American,112
5228,ATQ,RRM,2/27/2022,6/4/2022,2:57 AM,3:51 AM,13,American,150
2865,OMS,MMB,3/17/2022,3/23/2022,12:12 PM,6:11 PM,10,Delta,165
9422,FSI,CJJ,2/11/2022,1/2/2022,5:31 AM,9:10 PM,23,Delta,291
4563,TRQ,STG,4/28/2022,10/16/2022,9:33 AM,7:10 PM,14,Delta,112
3823,SVZ,MSR,11/7/2022,7/3/2022,9:26 AM,2:47 AM,2,United,2
118,ESH,WAJ,3/18/2022,9/27/2022,4:09 AM,9:58 AM,6,American,74
7707,TGG,VCE,7/14/2022,12/4/2022,2:01 AM,7:35 AM,22,United,19
3217,WAK,TKY,7/27/2022,4/19/2022,5:30 AM,5:38 AM,6,United,271
3567,MKI,DOV,2/20/2022,11/1/2022,12:05 AM,11:50 AM,4,United,259
1738,KGG,ARE,9/19/2022,8/23/2022,4:41 AM,1:15 AM,13,Delta,331
9925,PBF,NHF,8/13/2022,6/1/2022,10:00 AM,4:35 AM,7,American,62
1749,ASK,VVZ,5/23/2022,9/5/2022,1:53 AM,5:51 AM,15,Delta,209
4888,GTO,ROX,6/7/2022,12/12/2022,4:51 AM,3:54 PM,9,American,272
5745,LOI,HSB,1/24/2022,11/12/2022,7:11 AM,6:10 PM,9,American,355
5535,GDX,OXD,9/4/2022,12/15/2022,5:54 AM,10:21 PM,4,Delta,241
1428,LVL,EIB,2/15/2022,11/17/2022,7:56 PM,9:35 PM,6,American,57
7722,SCL,YJN,6/20/2022,12/16/2022,12:09 AM,7:11 AM,3,Delta,272
4736,MOU,KOU,3/7/2022,4/25/2022,4:34 AM,5:08 PM,7,Delta,71
5859,NIA,PPZ,3/13/2022,10/5/2022,2:19 PM,8:14 AM,9,American,173
2444,HTR,YOY,7/3/2022,7/12/2022,3:56 AM,5:36 PM,11,Delta,405
6284,BGK,TUI,10/20/2022,4/13/2022,11:30 PM,1:21 AM,21,Delta,236
9054,CEU,OMB,9/12/2022,3/23/2022,9:10 AM,6:08 AM,20,American,38
5833,ROA,OEO,1/8/2022,6/17/2022,4:24 PM,9:53 PM,5,American,71
2237,MYT,YTA,12/20/2022,11/4/2022,3:42 AM,9:31 PM,14,Delta,417
8957,JEQ,FSD,2/28/2022,7/14/2022,3:06 AM,3:38 AM,23,American,379
7686,KOD,SBL,11/9/2022,11/25/2022,12:55 PM,2:00 PM,23,United,301
7239,WKN,NQT,8/9/2022,7/2/2022,9:34 PM,6:38 PM,7,American,415
1525,DWF,TGC,7/2/2022,10/31/2022,6:48 AM,9:09 PM,9,Delta,359
1623,EVW,YYC,12/20/2022,2/13/2022,5:04 PM,10:34 PM,15,United,319
2980,MSZ,TKO,11/3/2022,7/30/2022,6:44 AM,6:49 PM,19,American,400
4227,AMU,FLG,11/26/2022,2/1/2022,1:13 PM,6:27 PM,20,Delta,333
2008,CJJ,GRB,1/21/2022,11/19/2022,12:33 PM,1:10 PM,2,Delta,159
568,EKS,BPD,2/3/2022,12/28/2022,8:55 AM,5:09 PM,6,United,463
3768,RKD,NHA,3/13/2022,9/19/2022,3:03 PM,3:04 PM,24,American,311
1322,NPG,EYK,9/10/2022,2/19/2022,3:18 PM,8:13 AM,23,United,92
4468,KIO,YNO,11/11/2022,10/30/2022,9:32 AM,6:32 PM,24,American,493
4175,GOQ,TBB,12/21/2022,3/15/2022,11:50 PM,1:35 PM,17,American,379
1948,YAB,SXJ,9/29/2022,9/17/2022,10:51 AM,11:43 AM,18,Delta,462
3261,DNI,TAH,1/24/2022,6/6/2022,12:38 AM,3:55 PM,11,United,482
8968,MUW,LVK,3/3/2022,3/5/2022,1:27 AM,1:03 AM,20,United,206
8709,AFW,RRT,4/30/2022,5/15/2022,12:30 AM,9:17 AM,2,United,319
7530,HLW,VRB,6/3/2022,12/11/2022,2:24 AM,2:32 PM,19,Delta,13
7232,MKU,LGS,7/24/2022,7/7/2022,9:52 PM,5:41 PM,12,American,106
3025,CCU,TLS,5/18/2022,4/16/2022,8:19 AM,12:09 PM,18,United,203
6427,NBS,CAM,1/18/2022,6/19/2022,10:29 AM,2:40 PM,3,American,133
4849,JPN,SXQ,9/22/2022,6/1/2022,12:39 PM,11:39 PM,11,United,99
3905,BMB,EZE,1/27/2022,1/5/2022,12:33 PM,1:45 AM,7,Delta,445
9287,ULU,HNL,1/21/2022,7/19/2022,9:35 PM,8:27 AM,11,American,252
5978,BCI,WLD,4/21/2022,12/9/2022,12:05 AM,6:42 AM,19,Delta,460
6730,NTT,HLR,12/22/2022,2/9/2022,3:06 PM,12:12 PM,23,United,67
8582,FCS,GNZ,2/22/2022,8/31/2022,3:07 PM,3:42 PM,8,United,42
8886,OLA,HJT,5/31/2022,9/3/2022,6:35 PM,1:35 PM,4,Delta,270
9836,BMB,PIH,5/23/2022,6/7/2022,3:09 PM,4:24 PM,23,Delta,231
621,OMC,SGT,7/21/2022,4/29/2022,12:06 PM,6:31 PM,23,United,434
6599,PFR,URJ,9/25/2022,9/28/2022,3:18 AM,2:40 PM,13,American,175
1927,EMN,LOH,1/7/2022,4/7/2022,12:32 PM,12:03 PM,1,Delta,24
327,IXN,TCT,7/22/2022,6/6/2022,6:51 PM,1:29 PM,21,Delta,154
9123,YVR,MOY,10/27/2022,1/16/2022,5:12 AM,3:48 AM,13,Delta,342
7764,CBD,ADU,10/24/2022,7/1/2022,7:44 PM,11:25 PM,8,American,401
878,MZZ,PHI,3/6/2022,4/23/2022,2:15 PM,10:24 AM,12,United,472
3542,CHA,SLG,8/16/2022,1/11/2022,4:46 PM,7:34 PM,3,American,323
1148,CIV,VGZ,8/1/2022,12/6/2022,12:09 PM,9:27 AM,23,United,457
8958,LDU,LTN,2/9/2022,11/4/2022,8:03 PM,6:30 AM,8,American,95
6306,YZV,LHA,5/11/2022,2/23/2022,5:18 AM,10:17 AM,12,United,69
921,KRI,CLP,4/18/2022,3/18/2022,11:26 AM,12:38 AM,20,American,228
3583,MRM,CFI,10/17/2022,12/22/2022,9:07 AM,11:33 AM,5,United,285
3082,BUC,OBK,8/20/2022,8/26/2022,10:46 PM,4:33 AM,17,American,93
5294,KTS,TOK,1/26/2022,2/25/2022,9:50 PM,4:50 AM,8,United,425
5327,WKR,TOS,6/28/2022,3/6/2022,6:13 AM,3:47 AM,13,American,383
5049,NUQ,NSM,8/31/2022,6/5/2022,2:51 PM,5:01 AM,10,United,161
5393,RIJ,TXK,3/19/2022,11/22/2022,6:58 AM,12:58 AM,13,United,180
245,ZAG,DIL,5/22/2022,10/14/2022,4:51 PM,4:13 AM,19,United,288
2534,CGS,BEG,7/5/2022,11/10/2022,4:42 AM,3:30 PM,18,United,8
1722,KKR,LKH,3/15/2022,5/5/2022,9:53 PM,1:59 AM,12,United,171
5284,ROH,CVJ,3/27/2022,6/2/2022,7:22 PM,2:03 PM,13,United,42
9215,SOJ,NEU,5/12/2022,8/5/2022,4:30 AM,10:46 PM,22,United,248
672,BUC,NIX,10/28/2022,3/30/2022,9:30 AM,5:17 AM,8,Delta,184
6059,IST,EVN,12/21/2022,5/30/2022,9:27 PM,10:39 AM,7,Delta,321
9467,SXA,CER,3/31/2022,10/4/2022,5:18 AM,10:21 PM,24,United,362
2446,LVS,LUL,3/25/2022,1/18/2022,7:27 AM,4:27 AM,22,United,249
3615,AHS,NKY,7/22/2022,1/2/2022,11:01 AM,8:44 PM,24,Delta,157
917,AXT,UTT,10/23/2022,9/2/2022,10:10 AM,1:54 AM,3,American,318
5342,KII,ATG,6/25/2022,7/19/2022,11:24 AM,3:50 AM,5,Delta,488
1712,RLT,MYN,6/3/2022,11/27/2022,5:09 PM,2:04 PM,14,Delta,41
3668,JCY,YAI,12/29/2022,9/10/2022,6:21 AM,6:38 AM,15,American,319
5876,0,TYB,11/18/2022,1/4/2022,12:13 PM,7:48 PM,24,American,13
3018,CNU,KJP,11/26/2022,11/14/2022,9:52 PM,6:46 PM,14,American,324
1283,ARS,MRD,7/1/2022,1/7/2022,2:42 AM,5:05 AM,11,American,107
4040,GGS,BYN,1/1/2022,3/16/2022,10:25 PM,11:43 PM,3,Delta,311
7953,OOT,MUX,9/18/2022,11/14/2022,8:14 PM,10:42 PM,17,United,467
1371,BLX,DHI,12/8/2022,3/27/2022,10:55 PM,1:24 AM,12,Delta,357
8388,CHT,WLL,4/29/2022,3/15/2022,11:55 PM,12:50 PM,4,Delta,167
4692,AHM,MKS,8/7/2022,10/23/2022,6:53 AM,2:05 AM,4,United,494
8691,GWL,FUT,8/12/2022,2/16/2022,8:44 AM,11:18 PM,14,Delta,262
5506,NPH,UMY,10/28/2022,4/27/2022,2:28 PM,12:59 PM,2,American,134
6696,SLC,TTU,6/16/2022,9/19/2022,1:24 AM,9:53 PM,3,Delta,317
1624,BDE,UNG,4/8/2022,9/19/2022,10:44 AM,9:49 AM,8,Delta,134
7368,KUA,UCK,5/24/2022,12/19/2022,7:01 AM,10:04 PM,14,American,194
6184,YYY,IGR,2/7/2022,6/24/2022,4:07 AM,10:27 AM,4,American,224
7840,PAE,MQV,4/8/2022,9/11/2022,8:19 AM,11:14 PM,24,Delta,73
1922,HUK,RUU,1/14/2022,8/18/2022,4:14 PM,11:51 PM,7,Delta,161
9916,MER,HHQ,10/3/2022,10/24/2022,10:03 PM,5:26 PM,18,American,334
5688,HTV,KSO,9/14/2022,11/7/2022,1:45 PM,3:17 AM,12,United,228
9324,CKD,NCO,2/13/2022,12/30/2022,5:32 PM,8:59 PM,14,United,404
2356,LLY,ANF,1/11/2022,10/25/2022,10:26 PM,8:54 PM,14,Delta,173
4924,TKG,MSP,12/7/2022,8/28/2022,2:37 AM,6:32 PM,24,Delta,381
6820,ESH,ERN,4/29/2022,6/21/2022,12:41 AM,6:45 AM,22,Delta,20
4963,AHU,IZA,3/25/2022,8/15/2022,11:18 PM,1:22 PM,14,United,416
9248,DSG,IIL,6/18/2022,9/9/2022,6:43 PM,3:52 AM,20,American,495
6226,AMH,PSI,2/21/2022,10/24/2022,7:53 AM,3:13 PM,4,Delta,74
6433,YRQ,CCR,12/8/2022,5/9/2022,9:34 PM,4:55 PM,18,United,226
244,SRA,CAB,5/9/2022,2/22/2022,12:32 AM,3:55 AM,10,Delta,399
8386,UKU,MHC,3/22/2022,3/9/2022,4:28 PM,3:42 AM,21,Delta,84
8541,CHS,SUY,9/11/2022,11/28/2022,4:24 PM,9:15 PM,13,Delta,142
1647,EFK,AXV,5/28/2022,7/3/2022,6:57 PM,3:01 AM,13,American,494
2109,GGT,KLM,1/26/2022,8/16/2022,12:09 AM,4:56 AM,2,United,14
3629,VCP,JEG,1/24/2022,8/22/2022,11:42 AM,8:46 AM,22,United,181
7806,MHW,0,8/23/2022,11/17/2022,4:29 AM,12:55 PM,16,United,345
1187,ISJ,TFF,3/16/2022,11/10/2022,11:11 AM,7:32 PM,13,Delta,388
8624,VIA,PKU,7/1/2022,10/17/2022,3:10 AM,12:43 PM,10,Delta,433
6717,JRF,JCB,4/26/2022,9/3/2022,3:00 PM,6:41 AM,1,American,252
2902,FOE,MCP,7/11/2022,12/5/2022,11:45 AM,9:48 AM,10,Delta,201
743,LUR,TZR,9/24/2022,1/17/2022,3:45 PM,11:11 PM,24,Delta,65
3892,SUN,GFF,6/29/2022,2/2/2022,7:15 PM,12:05 PM,14,American,185
633,SWN,TEU,3/21/2022,11/23/2022,1:56 AM,12:17 AM,2,Delta,290
9390,WLW,OEL,10/11/2022,1/22/2022,11:52 AM,12:46 AM,8,United,146
8272,HUQ,KZG,11/15/2022,12/6/2022,11:32 AM,7:06 AM,19,American,120
8375,NCN,BOW,2/11/2022,7/31/2022,10:57 PM,10:53 AM,7,Delta,338
574,AYM,POB,12/7/2022,1/20/2022,7:10 PM,7:20 AM,2,United,265
6104,TTG,SMY,5/21/2022,1/19/2022,2:23 PM,6:02 AM,1,American,38
8163,ALV,PHG,4/12/2022,1/1/2022,4:44 AM,8:33 AM,8,United,139
8940,MKG,WMB,6/10/2022,3/9/2022,2:49 AM,8:32 PM,5,American,303
2888,CPL,RRR,5/3/2022,3/25/2022,4:45 AM,2:45 PM,2,American,228
1849,AVP,FTE,7/19/2022,9/21/2022,3:27 PM,2:28 PM,19,Delta,434
5768,CTB,WKK,10/23/2022,11/16/2022,1:14 PM,5:03 PM,6,United,56
1404,JUO,LKP,11/7/2022,3/26/2022,8:02 PM,10:43 PM,13,American,155
1177,PTG,SPN,11/13/2022,6/22/2022,4:31 PM,11:00 PM,23,Delta,270
899,ULD,USI,11/24/2022,9/8/2022,7:42 AM,12:02 AM,17,Delta,313
305,FLH,GJT,12/29/2022,5/19/2022,3:55 PM,8:27 AM,2,American,43
1308,LWI,RNE,2/25/2022,9/4/2022,6:23 PM,1:57 AM,17,United,419
6829,SUV,PRO,11/18/2022,7/4/2022,4:41 AM,10:34 PM,12,United,457
484,CGV,PDX,9/29/2022,3/8/2022,11:34 AM,5:03 AM,10,Delta,225
7241,CVG,YTP,10/2/2022,2/10/2022,7:58 PM,1:29 PM,17,American,48
9804,NME,FAF,8/20/2022,12/30/2022,8:58 AM,3:24 PM,3,United,408
6312,NST,WID,7/29/2022,1/16/2022,1:12 AM,12:37 PM,4,United,23
230,GMS,KIA,12/14/2022,2/16/2022,3:18 PM,3:46 AM,13,American,3
1375,IHR,TMS,11/23/2022,9/19/2022,3:09 PM,7:19 PM,16,United,33
8454,IMD,RAV,6/6/2022,3/27/2022,2:11 AM,3:37 AM,23,Delta,434
5022,HJR,NCY,4/5/2022,10/8/2022,6:24 AM,1:37 AM,8,United,203
5511,PVG,USI,12/14/2022,5/14/2022,6:57 PM,3:48 AM,22,United,28
2588,BKZ,SMX,7/4/2022,4/24/2022,2:01 PM,9:13 PM,10,American,219
9350,UHE,LGU,7/28/2022,8/30/2022,3:25 PM,2:01 PM,21,Delta,26
6716,KXR,WOK,7/9/2022,2/6/2022,5:56 AM,10:41 AM,1,American,136
4750,EWI,CUK,5/5/2022,10/12/2022,4:22 AM,2:49 AM,21,American,82
6436,KHL,BPS,8/2/2022,12/15/2022,4:34 PM,5:02 AM,3,Delta,109
5950,DPA,PKD,3/7/2022,10/1/2022,7:36 AM,11:46 AM,14,Delta,443
1385,MNG,YLQ,10/7/2022,5/22/2022,4:07 AM,10:19 AM,12,Delta,203
1335,AEA,YQR,6/27/2022,10/21/2022,12:03 PM,1:02 AM,8,United,240
7129,FUG,JAU,2/20/2022,7/10/2022,10:51 PM,8:34 PM,21,American,1
8152,ECN,CWS,9/20/2022,12/2/2022,8:01 PM,1:14 PM,24,Delta,197
5856,PKY,ZCN,6/6/2022,11/11/2022,7:23 PM,3:09 AM,22,Delta,131
5493,WRA,GIT,6/10/2022,7/31/2022,9:39 PM,9:26 AM,21,United,212
3187,CST,STK,4/30/2022,5/16/2022,6:51 AM,5:36 AM,21,Delta,396
4476,DDD,PTT,7/1/2022,6/23/2022,3:09 AM,2:35 PM,24,United,483
3568,CGY,HLE,4/13/2022,2/9/2022,9:45 PM,5:32 AM,21,American,459
1923,FSS,PDG,8/29/2022,1/31/2022,1:05 AM,11:51 PM,10,American,28
3976,RSS,EBG,7/28/2022,2/14/2022,9:55 PM,9:51 AM,10,American,99
3476,KBN,LKZ,3/2/2022,10/2/2022,1:56 PM,11:49 AM,23,Delta,494
7741,CUP,GPO,4/16/2022,8/16/2022,2:20 AM,2:31 AM,7,United,364
8352,SLA,IPI,7/15/2022,4/14/2022,2:19 PM,5:02 AM,16,United,28
1038,BSW,GSR,10/17/2022,3/6/2022,6:38 PM,3:23 PM,5,Delta,258
4999,TLU,DAV,6/1/2022,12/20/2022,8:08 PM,7:44 AM,5,American,331
1894,SKB,AGC,7/12/2022,1/13/2022,4:26 PM,2:37 AM,3,United,72
5495,SLT,SSL,11/14/2022,1/19/2022,10:30 AM,11:37 PM,17,American,277
6630,HIJ,TNV,9/25/2022,11/14/2022,7:30 PM,10:36 AM,22,American,196
4353,DOM,RSL,8/3/2022,12/5/2022,10:33 PM,7:53 PM,22,United,99
4943,CBU,DSX,2/19/2022,11/23/2022,8:15 AM,3:17 PM,9,American,132
7880,GUC,WRL,4/28/2022,12/5/2022,8:40 AM,1:23 AM,11,American,186
68,YLP,APH,11/7/2022,5/3/2022,3:36 AM,6:37 AM,12,United,235
7370,YIB,LCR,7/25/2022,12/19/2022,11:32 AM,5:57 AM,14,American,136
5959,JDP,FRR,11/17/2022,7/7/2022,8:00 PM,8:51 AM,1,Delta,375
1259,BSV,MFI,4/25/2022,2/24/2022,8:24 AM,11:37 AM,12,Delta,332
3869,QNV,BGQ,4/29/2022,9/25/2022,6:10 PM,9:35 AM,10,United,266
7794,UAR,RPV,9/3/2022,5/15/2022,5:32 PM,8:21 AM,9,United,151
5114,ERR,YPO,6/11/2022,11/9/2022,4:58 AM,3:12 AM,4,American,406
4089,AMM,VIL,1/31/2022,10/6/2022,10:34 PM,5:37 AM,19,American,470
6408,YLG,KBH,3/10/2022,6/25/2022,3:27 AM,6:03 AM,18,United,225
918,SFC,ANS,11/3/2022,4/13/2022,4:00 AM,1:38 AM,10,American,474
3018,ECI,GRY,8/3/2022,9/28/2022,5:55 AM,10:06 PM,14,American,274
7800,WVL,NSL,4/9/2022,6/6/2022,2:46 PM,8:10 AM,20,Delta,129
587,PFR,QKX,4/10/2022,10/16/2022,10:48 AM,9:00 AM,6,United,225
9841,ZVK,NAD,5/24/2022,1/14/2022,5:50 AM,7:26 AM,9,Delta,348
8699,LBY,0,9/23/2022,12/20/2022,12:58 PM,3:57 AM,9,American,474
1909,AJU,LJN,10/4/2022,11/15/2022,2:15 AM,1:10 AM,8,Delta,203
8776,UKU,CBS,8/27/2022,2/15/2022,10:38 AM,3:35 AM,23,American,388
8606,CSB,KEQ,5/16/2022,9/27/2022,12:28 AM,5:46 PM,11,United,216
364,YVB,NNB,3/11/2022,3/27/2022,5:51 PM,5:05 AM,11,American,168
2171,OZC,ESP,11/3/2022,10/12/2022,8:25 AM,5:17 AM,9,United,418
3648,BYI,PON,9/20/2022,12/2/2022,8:11 AM,11:35 PM,11,American,445
6881,AXD,CFR,9/13/2022,7/22/2022,11:19 AM,12:29 AM,20,American,302
7790,EIL,SGW,9/19/2022,8/23/2022,12:48 PM,9:05 AM,13,United,255
150,GFR,BJE,4/12/2022,4/21/2022,4:49 AM,8:41 PM,16,American,312
6466,KEP,MSI,9/4/2022,7/5/2022,10:55 PM,8:09 AM,20,Delta,396
2064,RGA,NRR,8/6/2022,11/18/2022,1:34 PM,10:10 AM,22,United,491
5612,CAS,SNK,1/18/2022,11/16/2022,4:59 AM,7:57 PM,17,American,219
4146,QUN,HTS,5/10/2022,7/16/2022,4:22 AM,12:55 AM,3,American,352
8255,FRC,KHE,8/6/2022,4/3/2022,6:26 AM,8:14 PM,23,Delta,50
4801,ROI,CAX,1/28/2022,5/3/2022,9:36 AM,6:23 AM,18,American,481
7178,CDH,SPG,4/7/2022,8/7/2022,4:22 AM,7:10 AM,23,Delta,59
9474,MCC,BGW,11/28/2022,5/25/2022,11:09 PM,7:02 PM,2,Delta,448
7871,CCJ,ROU,3/31/2022,7/7/2022,8:51 AM,10:50 PM,19,United,469
3613,TR7,KCR,5/11/2022,11/12/2022,11:26 AM,6:31 AM,9,American,490
1022,ULP,YHF,10/1/2022,9/7/2022,2:11 PM,5:45 PM,6,United,216
5634,STK,TGT,4/26/2022,3/23/2022,7:18 PM,12:01 PM,2,American,426
7138,KZD,TPL,11/1/2022,7/10/2022,2:07 AM,2:08 PM,5,United,369
6028,BHR,CGB,11/22/2022,4/7/2022,9:42 PM,4:03 AM,19,Delta,136
2287,NSV,TYM,7/17/2022,3/3/2022,3:01 AM,1:12 PM,10,Delta,443
2756,BLT,LUY,1/19/2022,5/21/2022,12:18 PM,3:23 PM,15,American,228
858,DUF,WFI,5/30/2022,4/27/2022,10:11 AM,11:58 PM,24,United,227
7678,VHC,SKO,7/10/2022,9/3/2022,4:03 AM,3:13 PM,10,Delta,77
6472,HEG,BTD,7/18/2022,8/28/2022,7:01 AM,6:48 AM,4,United,25
8011,TCK,ERF,6/13/2022,1/31/2022,12:20 PM,9:56 PM,5,Delta,27
7707,XMY,WLA,9/7/2022,8/29/2022,1:15 PM,8:27 AM,22,American,151
8887,NSV,USQ,12/8/2022,3/25/2022,7:02 PM,11:55 PM,1,Delta,117
8766,QDJ,SNE,8/5/2022,1/7/2022,9:26 AM,8:33 AM,10,American,99
5903,CZE,TOB,8/9/2022,1/15/2022,9:35 PM,12:38 AM,10,Delta,353
574,DDG,BSW,1/24/2022,4/28/2022,7:49 PM,7:52 AM,7,Delta,443
979,AVU,FME,7/4/2022,11/1/2022,1:48 AM,3:33 PM,15,United,296
3707,LHW,PJM,10/22/2022,9/12/2022,1:38 PM,5:47 PM,6,United,295
9282,RUA,ASV,2/7/2022,8/27/2022,6:48 PM,3:43 PM,13,United,49
6692,SVO,PAU,1/1/2022,8/24/2022,6:14 PM,9:18 PM,20,American,181
3097,UGC,GLU,10/28/2022,1/17/2022,11:29 PM,3:56 PM,4,American,488
5727,LBW,NKW,11/19/2022,5/17/2022,5:57 PM,11:41 PM,4,Delta,4
3573,RFS,FMM,4/5/2022,6/26/2022,3:00 AM,5:59 AM,18,United,156
4485,BPY,EAA,3/6/2022,8/29/2022,8:34 PM,11:29 PM,7,United,498
7532,TLL,HGE,7/2/2022,9/24/2022,7:44 PM,4:01 AM,5,United,131
8984,ATK,MWJ,5/25/2022,9/9/2022,1:18 PM,7:01 PM,17,United,73
9796,LTH,KBV,6/8/2022,10/19/2022,6:40 PM,8:18 AM,2,American,342
1435,BDC,MYI,9/4/2022,7/7/2022,12:52 AM,6:40 PM,10,American,463
7772,THZ,NKM,8/15/2022,11/27/2022,9:45 PM,6:41 AM,8,American,3
278,GOZ,CAC,12/24/2022,2/6/2022,11:42 PM,7:14 PM,16,Delta,380
5857,MOL,KIT,10/19/2022,4/18/2022,2:58 PM,11:09 AM,20,United,416
8191,ENJ,PMS,12/20/2022,6/13/2022,12:00 AM,2:01 PM,23,American,52
5031,CHB,BXD,3/10/2022,5/8/2022,1:00 AM,4:19 AM,1,American,274
8839,NCY,BEX,8/24/2022,4/27/2022,8:17 AM,7:17 PM,20,United,411
7848,HLL,LCH,8/3/2022,7/11/2022,8:08 PM,6:05 PM,9,United,485
653,IMO,MYC,2/26/2022,10/3/2022,3:17 AM,1:28 PM,7,United,468
2737,RRT,WHU,4/8/2022,7/29/2022,2:56 PM,9:33 PM,10,Delta,294
4871,KRF,RZP,8/25/2022,4/27/2022,7:55 AM,3:52 AM,2,United,367
4052,PMO,FFT,12/30/2022,6/3/2022,9:34 PM,3:12 PM,6,American,410
8162,MBO,CAD,9/7/2022,8/31/2022,6:08 PM,1:41 PM,2,American,365
1338,INB,IBB,10/31/2022,8/22/2022,6:38 PM,10:22 PM,24,United,411
1780,LCR,CIP,1/26/2022,12/15/2022,2:52 PM,3:39 AM,18,United,411
7983,OTR,BBW,8/26/2022,12/22/2022,9:37 PM,4:24 AM,22,United,346
122,QSA,NEC,5/18/2022,1/28/2022,9:20 AM,5:03 AM,21,United,407
6527,OWA,OAG,9/8/2022,4/11/2022,1:21 AM,1:52 PM,9,Delta,75
3071,KBQ,MHI,1/29/2022,12/17/2022,4:27 AM,9:09 AM,8,American,28
562,KKH,GHN,6/12/2022,6/26/2022,3:07 AM,11:13 AM,6,American,341
9095,LKB,JMS,10/11/2022,8/29/2022,5:32 PM,5:52 PM,23,United,311
7184,CML,HII,1/20/2022,9/5/2022,4:53 PM,3:28 AM,2,Delta,95
8879,WNS,YYD,3/9/2022,4/25/2022,12:34 PM,12:13 PM,1,United,265
5350,LOV,OTC,9/11/2022,9/16/2022,3:34 AM,10:53 PM,6,United,345
7911,ITA,BGC,6/24/2022,4/1/2022,7:11 PM,12:38 PM,3,American,357
3445,BUU,DTM,3/14/2022,5/24/2022,7:02 PM,2:23 AM,17,American,120
7769,SJF,BLX,9/22/2022,2/19/2022,11:17 AM,3:06 PM,21,Delta,189
1068,PWO,GLA,4/9/2022,3/15/2022,2:31 AM,12:35 AM,24,Delta,9
4361,CCN,HSP,1/3/2022,6/16/2022,4:25 AM,9:44 AM,12,Delta,223
4933,ELP,LDH,8/23/2022,6/17/2022,2:57 PM,12:48 PM,15,United,445
4699,GUQ,LCX,11/10/2022,1/20/2022,10:23 AM,8:19 PM,15,American,129
8942,BXT,FFD,9/6/2022,1/30/2022,5:40 PM,8:02 AM,8,Delta,261
4770,SUU,HNA,2/25/2022,6/12/2022,4:41 AM,8:48 PM,2,Delta,184
9773,EBG,CTD,3/12/2022,3/17/2022,3:57 AM,10:01 AM,15,United,72
8219,BXB,LOD,10/9/2022,10/11/2022,9:47 AM,7:40 PM,10,Delta,212
3576,YBA,MZP,11/20/2022,12/30/2022,9:13 AM,9:55 AM,14,United,223
8609,BXZ,SKG,7/10/2022,12/13/2022,5:29 PM,9:20 AM,15,American,181
3667,PHL,LGH,8/15/2022,6/30/2022,1:29 AM,4:42 AM,3,United,325
4395,FMN,PNV,11/10/2022,7/23/2022,6:21 AM,9:32 AM,4,American,432
2877,LGK,GLZ,11/24/2022,5/9/2022,3:12 AM,9:48 AM,24,Delta,339
4508,WZQ,UEO,6/29/2022,11/5/2022,4:06 PM,7:34 AM,15,Delta,283
8160,WWT,YGP,9/6/2022,12/25/2022,9:02 AM,6:57 PM,9,United,296
469,SMD,POT,12/13/2022,1/4/2022,12:22 PM,6:39 AM,15,American,61
1856,PVF,YQB,4/24/2022,8/19/2022,6:47 PM,6:07 AM,23,Delta,91
3997,DSN,WSR,6/18/2022,6/3/2022,2:35 PM,5:55 AM,17,United,478
8327,ASF,MPV,10/7/2022,10/25/2022,12:12 AM,9:46 PM,4,Delta,402
3512,BNF,HDM,9/22/2022,5/14/2022,12:28 AM,5:09 AM,18,American,165
2457,SMF,CGP,12/6/2022,9/19/2022,1:31 PM,5:56 AM,11,Delta,107
6777,LHV,BXS,12/18/2022,6/23/2022,10:18 AM,5:05 PM,12,American,16
890,PPD,SDM,5/6/2022,11/23/2022,4:46 PM,4:42 PM,3,American,373
5761,O62,0,5/11/2022,11/22/2022,4:22 AM,1:37 PM,13,Delta,34
5439,WSG,DSM,3/1/2022,6/16/2022,10:52 PM,6:34 AM,9,United,303
6035,CHY,YRR,5/2/2022,3/16/2022,5:39 AM,8:11 AM,18,American,394
3112,GDZ,YNH,4/19/2022,1/28/2022,7:29 PM,3:01 AM,22,American,116
7165,ECN,KGE,1/25/2022,1/20/2022,3:42 AM,10:19 AM,17,American,445
997,AFT,XPR,2/27/2022,8/2/2022,4:31 PM,6:31 AM,19,United,126
5370,SBV,YBC,1/3/2022,8/26/2022,10:16 PM,1:34 PM,22,United,147
7657,GBB,MCW,10/29/2022,2/20/2022,3:50 AM,9:34 AM,12,United,124
6295,FLW,WUS,1/10/2022,2/13/2022,9:04 PM,10:39 PM,8,United,353
5585,YCD,GAG,3/26/2022,1/5/2022,1:33 PM,2:12 PM,20,American,218
6568,KKO,ITM,4/19/2022,1/18/2022,2:08 PM,10:38 AM,2,American,22
7824,LRS,RJB,12/23/2022,10/22/2022,12:07 PM,8:35 PM,23,United,154
1857,NUF,GTK,12/27/2022,5/1/2022,6:15 AM,11:49 PM,5,United,229
1605,UNC,CLW,12/27/2022,6/13/2022,11:46 AM,1:30 PM,7,United,146
8653,TNZ,ARI,1/16/2022,5/20/2022,8:53 AM,2:13 AM,24,United,235
1670,XTR,WYN,10/12/2022,8/11/2022,6:28 AM,9:51 PM,3,American,208
2208,PGL,HAR,6/28/2022,4/16/2022,4:31 AM,9:08 PM,21,American,367
367,ZEG,DLH,12/7/2022,6/6/2022,2:42 PM,9:28 PM,3,American,45
8012,QBC,IPN,2/16/2022,12/5/2022,8:56 PM,8:35 AM,20,American,241
2285,MGL,EMS,3/28/2022,1/31/2022,8:05 PM,9:47 AM,9,Delta,433
3612,KDX,KKI,3/15/2022,1/14/2022,3:36 PM,5:48 AM,22,United,21
8435,PKR,CAC,12/4/2022,10/6/2022,11:08 PM,4:14 AM,5,American,318
7542,RDZ,MKL,10/26/2022,4/5/2022,4:01 PM,12:32 PM,4,United,12
8166,BBP,YMW,5/28/2022,10/8/2022,7:56 PM,7:09 AM,7,Delta,341
4258,THF,YSY,12/27/2022,9/8/2022,7:43 PM,10:45 PM,2,Delta,320
4581,CBE,BYM,1/28/2022,12/4/2022,5:31 AM,5:36 PM,18,United,338
3009,GDO,WGE,1/16/2022,4/27/2022,4:42 AM,6:41 PM,22,American,317
899,MRT,DJU,3/19/2022,1/8/2022,10:27 AM,10:22 PM,2,Delta,290
8336,PBE,GKK,5/31/2022,8/2/2022,12:21 PM,8:43 PM,20,United,76
3534,BUP,GNT,11/13/2022,1/9/2022,9:04 PM,3:27 PM,13,American,3
5552,OEM,DNH,3/21/2022,4/22/2022,3:13 AM,2:42 PM,6,American,206
1340,BBX,PSN,4/19/2022,9/17/2022,7:21 PM,11:46 AM,15,Delta,3
8081,BEE,CAO,5/12/2022,6/15/2022,8:34 AM,3:21 PM,12,United,348
7106,OCE,PYH,6/16/2022,11/15/2022,7:01 PM,7:01 PM,4,United,390
4158,JAP,CIF,12/16/2022,3/4/2022,2:37 PM,8:39 PM,16,United,261
3635,CFE,BKX,5/2/2022,2/15/2022,1:19 AM,8:19 PM,16,American,12
8689,YCL,LYA,6/5/2022,6/10/2022,2:07 PM,5:43 PM,19,Delta,36
3075,DSG,OSC,3/28/2022,8/10/2022,6:14 AM,9:34 PM,4,United,343
6516,TBH,UST,9/14/2022,10/26/2022,10:33 PM,1:27 PM,13,Delta,452
3156,AGF,FWH,1/19/2022,6/23/2022,5:41 PM,3:09 AM,20,American,285
8961,TBC,CSE,6/29/2022,8/15/2022,9:40 AM,6:40 PM,12,United,280
9723,LKN,ADJ,10/29/2022,4/5/2022,4:54 PM,4:54 PM,14,Delta,5
4857,TOZ,FFU,5/26/2022,1/18/2022,3:01 PM,3:59 AM,24,American,317
3103,KQH,BBI,9/12/2022,12/14/2022,8:56 AM,7:55 AM,7,United,114
1373,GRW,NNX,10/16/2022,4/13/2022,2:30 PM,4:22 AM,7,American,336
8267,SKC,PCB,7/24/2022,12/18/2022,10:27 AM,7:07 AM,13,Delta,367
615,CVB,HNA,11/1/2022,7/17/2022,8:36 PM,5:30 PM,14,United,396
551,TSU,TUD,10/2/2022,4/27/2022,10:48 PM,11:41 AM,14,American,474
2757,ERG,MHX,10/23/2022,2/10/2022,2:18 PM,11:24 AM,14,Delta,332
864,WSB,EMX,3/26/2022,4/1/2022,12:08 AM,6:40 AM,23,Delta,468
9745,MFS,RTS,2/19/2022,12/10/2022,4:58 PM,11:08 AM,2,American,374
7577,GDL,TMS,9/3/2022,7/8/2022,8:19 PM,9:17 AM,17,United,193
7002,GRF,FRK,7/11/2022,5/13/2022,8:38 PM,11:52 PM,9,Delta,57
7728,AZO,CYR,6/20/2022,1/20/2022,8:16 PM,8:06 AM,22,American,171
8989,SBQ,KHE,6/5/2022,8/21/2022,6:19 AM,4:06 PM,16,American,9
4302,CID,BBS,9/23/2022,8/21/2022,8:15 PM,8:24 PM,1,United,417
8248,GLV,CJH,4/26/2022,2/7/2022,9:11 PM,5:57 AM,21,Delta,253
9877,NHV,BYI,5/8/2022,9/29/2022,6:04 AM,6:38 PM,10,American,231
3022,TKP,HUU,6/13/2022,4/9/2022,2:44 PM,10:38 PM,19,United,115
8480,ZPB,BEN,2/18/2022,4/12/2022,5:34 PM,6:33 PM,5,United,159
379,MMF,TTX,2/17/2022,9/19/2022,7:32 PM,10:05 PM,16,American,407
9948,MEX,TYL,1/25/2022,10/26/2022,1:13 AM,11:38 AM,18,American,161
435,FAZ,CKB,12/26/2022,6/19/2022,7:01 PM,5:04 PM,8,United,35
7061,DNU,YXE,8/5/2022,10/14/2022,5:53 PM,11:17 AM,22,American,15
3838,TKM,LOL,10/6/2022,10/7/2022,3:32 PM,4:36 AM,9,Delta,119
3340,KLB,KFA,9/19/2022,12/28/2022,1:23 PM,1:25 AM,14,Delta,21
9329,RBK,CXF,1/16/2022,1/30/2022,8:26 PM,6:51 PM,13,American,150
2664,0,BKC,4/7/2022,5/3/2022,6:01 AM,1:28 AM,23,American,69
4622,YYQ,MNO,3/19/2022,9/25/2022,6:42 AM,4:49 AM,19,United,195
4771,AME,KTM,5/15/2022,12/15/2022,6:46 AM,3:40 PM,10,United,306
3517,ALF,VTZ,2/13/2022,6/29/2022,11:06 AM,6:33 PM,10,Delta,68
9711,OUS,OMS,3/5/2022,4/17/2022,2:09 AM,3:11 PM,18,United,156
6309,OYL,PGC,1/4/2022,11/11/2022,10:35 AM,12:57 PM,14,Delta,280
1626,BTV,JIM,4/14/2022,4/14/2022,10:44 AM,7:02 AM,2,United,136
4508,DJN,IXY,1/22/2022,5/24/2022,12:28 AM,11:41 AM,24,American,269
2539,PKR,CSZ,4/17/2022,5/26/2022,4:22 PM,3:41 PM,5,Delta,69
9460,GTS,MZK,10/18/2022,6/8/2022,6:59 AM,4:07 AM,8,American,195
7362,KHV,UAH,5/7/2022,4/28/2022,12:35 PM,4:41 PM,1,United,388
8340,AVL,UPN,5/13/2022,6/17/2022,7:29 AM,11:50 PM,1,United,459
7685,WDR,MGV,7/10/2022,11/13/2022,11:47 AM,10:54 PM,18,American,86
8066,OIR,YSE,4/5/2022,5/26/2022,4:50 AM,2:02 AM,20,Delta,163
4780,YVP,TLB,2/18/2022,12/3/2022,12:54 AM,11:52 AM,17,Delta,264
4403,ABK,ZTM,11/14/2022,6/20/2022,12:58 PM,10:21 AM,15,United,198
8117,LKO,GXF,10/23/2022,2/19/2022,4:23 PM,4:15 AM,16,Delta,124
2350,DBO,HMT,10/10/2022,6/4/2022,11:24 PM,7:34 PM,9,American,318
4470,SYX,LNC,7/5/2022,6/21/2022,9:10 PM,8:12 AM,15,Delta,352
4713,DNI,ISN,9/1/2022,2/17/2022,8:53 PM,11:12 PM,3,American,435
6000,LYN,MPN,6/23/2022,10/28/2022,10:57 AM,1:02 PM,19,Delta,220
2899,VPY,OXR,9/19/2022,12/22/2022,8:20 AM,2:12 PM,6,United,175
1297,PJG,TDN,11/9/2022,4/7/2022,8:28 AM,6:34 AM,24,United,174
9647,MCW,YKY,3/6/2022,5/14/2022,3:19 AM,7:18 AM,11,United,416
3146,BRI,KGT,7/20/2022,12/28/2022,8:17 AM,9:13 PM,17,American,332
4428,NEK,TYL,6/25/2022,1/3/2022,3:34 PM,5:24 AM,18,United,459
768,CBH,NKW,9/15/2022,4/30/2022,8:01 PM,7:27 AM,11,Delta,213
7107,CCR,HBA,8/28/2022,12/4/2022,4:32 PM,1:17 PM,20,Delta,395
7042,KPM,CDE,9/25/2022,3/27/2022,2:03 AM,3:44 AM,22,American,139
752,NYO,KXU,9/16/2022,1/7/2022,12:28 PM,4:14 PM,19,United,192
5312,ALJ,HLO,1/10/2022,10/16/2022,2:21 PM,8:53 PM,16,American,69
9663,LSK,TEE,10/22/2022,8/22/2022,11:04 PM,10:12 PM,4,Delta,390
4857,CGG,CAC,10/31/2022,7/28/2022,5:29 PM,1:26 PM,9,Delta,255
9537,FOU,RIZ,9/26/2022,6/10/2022,2:16 PM,4:58 PM,1,United,364
8893,NND,SOC,12/8/2022,3/7/2022,4:33 AM,2:46 PM,1,Delta,131
7251,YME,LIV,3/10/2022,5/30/2022,6:32 PM,11:43 AM,2,Delta,77
5520,MKM,AUZ,4/20/2022,3/16/2022,12:08 PM,12:57 PM,12,United,385
3163,SLV,BZF,5/7/2022,9/4/2022,7:59 AM,11:06 AM,14,Delta,307
4034,BRP,SMR,8/3/2022,6/4/2022,12:13 AM,12:17 AM,15,Delta,67
8468,MHV,RBR,2/23/2022,5/12/2022,12:00 PM,5:00 PM,15,American,400
9719,ZAG,SBD,5/4/2022,10/7/2022,2:40 PM,10:22 AM,20,American,271
8147,PPN,KAN,4/20/2022,5/26/2022,9:20 AM,7:50 AM,15,United,60
6356,SBW,MYI,11/7/2022,7/11/2022,2:56 PM,2:49 AM,24,American,144
1611,BWX,TWU,11/19/2022,4/13/2022,11:34 AM,5:17 PM,21,American,443
4460,APA,NLV,7/8/2022,4/12/2022,2:05 PM,6:09 PM,14,United,345
1685,FAQ,GWS,2/7/2022,8/3/2022,2:31 AM,8:08 PM,11,Delta,42
2613,RVN,CZK,1/3/2022,11/26/2022,6:12 AM,7:33 AM,16,Delta,60
780,IVA,NDB,4/28/2022,5/25/2022,1:22 AM,2:03 PM,19,Delta,46
4006,SGQ,GXQ,11/27/2022,8/21/2022,10:47 PM,7:48 PM,2,United,235
3917,PAE,TKQ,11/15/2022,9/15/2022,7:14 AM,12:06 PM,24,Delta,331
7785,BPN,LBA,9/7/2022,5/1/2022,11:03 AM,9:59 AM,5,American,438
2215,EFG,DRD,6/8/2022,11/18/2022,8:03 AM,2:46 PM,20,Delta,301
3729,ROB,ELF,7/11/2022,3/1/2022,1:00 AM,3:11 AM,2,United,240
5447,CHO,SRQ,4/10/2022,7/11/2022,12:32 AM,5:07 AM,4,United,313
5387,EAE,0,2/6/2022,4/12/2022,2:06 AM,3:00 PM,19,Delta,133
6546,BIJ,LDU,4/16/2022,4/3/2022,6:57 PM,9:32 PM,5,Delta,25
56,YVC,NOJ,9/5/2022,9/18/2022,5:40 AM,5:10 AM,17,Delta,319
2579,TZL,DIN,10/25/2022,3/23/2022,3:51 PM,5:53 PM,11,American,13
8452,BCT,OLV,3/10/2022,1/6/2022,1:27 AM,10:44 PM,12,United,428
9108,SQX,IXP,10/13/2022,2/17/2022,7:38 PM,6:01 AM,10,United,114
2553,SMU,POE,5/17/2022,9/6/2022,6:43 PM,7:28 PM,8,American,315
511,BFN,BPI,7/6/2022,1/28/2022,4:05 PM,1:20 PM,16,United,4
5421,KKT,WOE,3/8/2022,8/7/2022,9:45 PM,7:03 PM,8,Delta,136
